,commentUrl,commentsCount,date,facebookId,facebookUrl,feedbackId,id,likesCount,postTitle,profileId,replyToCommentId,text,threadingDepth,user_screen_name
0,https://www.facebook.com/shesaidfilm/videos/564505348386437?comment_id=696824764973694,,2022-11-21T00:55:19.000Z,134908959227553,https://www.facebook.com/shesaidfilm/videos/564505348386437,ZmVlZGJhY2s6MTM0OTA4OTU5MjI3NTUzXzY5NjgyNDc2NDk3MzY5NA==,Y29tbWVudDoxMzQ5MDg5NTkyMjc1NTNfNjk2ODI0NzY0OTczNjk0,6,"Carey Mulligan and Zoe Kazan star in #SheSaidMovie, only in theaters this November. Watch the trailer now.",pfbid0Lis1GznbvWUbNSZDQyKLwcjAjE2AfNdpF6EhpWMNSMaXf8MTmRCm4aCELFzx34WFl,,"Saw it today.  very powerful important movie.  It is about time this was brought to the big screen as powerful men have been mistreating women since they entered the work force, and then deny the allegations, silence the women.  This should be a movie for any decent fair minded person.",,
1,https://www.facebook.com/shesaidfilm/videos/564505348386437?comment_id=767234747805952,,2022-07-20T03:45:28.000Z,134908959227553,https://www.facebook.com/shesaidfilm/videos/564505348386437,ZmVlZGJhY2s6MTM0OTA4OTU5MjI3NTUzXzc2NzIzNDc0NzgwNTk1Mg==,Y29tbWVudDoxMzQ5MDg5NTkyMjc1NTNfNzY3MjM0NzQ3ODA1OTUy,8,"Carey Mulligan and Zoe Kazan star in #SheSaidMovie, only in theaters this November. Watch the trailer now.",pfbid04hp5kuFrHKe3h91N9NJbqnD39E9SYuE3dLeBsL9fH8GrB1UA6mNoDP6eKvtcbknbl,,"Still a gut punch. Thinking about what these reporters went through to bring to light what these women went through. So many brave women, so many women dedicated to truth and justice. #metoo",,
2,https://www.facebook.com/shesaidfilm/videos/564505348386437?comment_id=551540599970174,1.0,2022-07-16T09:51:59.000Z,134908959227553,https://www.facebook.com/shesaidfilm/videos/564505348386437,ZmVlZGJhY2s6MTM0OTA4OTU5MjI3NTUzXzU1MTU0MDU5OTk3MDE3NA==,Y29tbWVudDoxMzQ5MDg5NTkyMjc1NTNfNTUxNTQwNTk5OTcwMTc0,4,"Carey Mulligan and Zoe Kazan star in #SheSaidMovie, only in theaters this November. Watch the trailer now.",pfbid0jno9T7gfDUPtnbewBDMKhQWnN8ALw1oiLNFksA3qari5RdGnTutCnw7KqFyPNNpql,,Definitely feels like an Oscar nod for Carey on her performance exposin‚Äô the Weinstein cult!,,
3,https://www.facebook.com/shesaidfilm/videos/564505348386437?comment_id=1313124445895751,2.0,2022-11-09T22:42:18.000Z,134908959227553,https://www.facebook.com/shesaidfilm/videos/564505348386437,ZmVlZGJhY2s6MTM0OTA4OTU5MjI3NTUzXzEzMTMxMjQ0NDU4OTU3NTE=,Y29tbWVudDoxMzQ5MDg5NTkyMjc1NTNfMTMxMzEyNDQ0NTg5NTc1MQ==,3,"Carey Mulligan and Zoe Kazan star in #SheSaidMovie, only in theaters this November. Watch the trailer now.",pfbid0F3A82Nt71oCkUERCGa83rx25n7HhhVxBohAMtnFPhjiiEhCMPRrxB6ikQwzkgHUkl,,What‚Äôs sad in real world men usually stick together! And when the woman defends herself she gets in trouble more so then the man.,,
4,https://www.facebook.com/shesaidfilm/videos/564505348386437?comment_id=1289623865172056,2.0,2022-11-17T20:23:22.000Z,134908959227553,https://www.facebook.com/shesaidfilm/videos/564505348386437,ZmVlZGJhY2s6MTM0OTA4OTU5MjI3NTUzXzEyODk2MjM4NjUxNzIwNTY=,Y29tbWVudDoxMzQ5MDg5NTkyMjc1NTNfMTI4OTYyMzg2NTE3MjA1Ng==,1,"Carey Mulligan and Zoe Kazan star in #SheSaidMovie, only in theaters this November. Watch the trailer now.",pfbid0SRSb2UNQ6VGKp93tZ1vtJVPCZHoEhfebUGN6i6BzLHjdL2x6XRyroS66QMJYimfbl,,Hollywood profiting off their own scandal is one of the most tasteless things they've ever done.,,
5,https://www.facebook.com/shesaidfilm/videos/564505348386437?comment_id=1094797914564642,3.0,2022-11-20T01:53:23.000Z,134908959227553,https://www.facebook.com/shesaidfilm/videos/564505348386437,ZmVlZGJhY2s6MTM0OTA4OTU5MjI3NTUzXzEwOTQ3OTc5MTQ1NjQ2NDI=,Y29tbWVudDoxMzQ5MDg5NTkyMjc1NTNfMTA5NDc5NzkxNDU2NDY0Mg==,2,"Carey Mulligan and Zoe Kazan star in #SheSaidMovie, only in theaters this November. Watch the trailer now.",pfbid02X73ebHVjX6QU1JBuwpdUCCUpgZUJpBwc1vDN4tbgVTzS4pKogF1fxZ4t9UdZYLkVl,,"An older guy commented ""They made a movie about some girls complaining? Yes they did so no more secrets for them to pay off.",,
6,https://www.facebook.com/shesaidfilm/videos/564505348386437?comment_id=858932768447440,1.0,2022-11-19T20:43:53.000Z,134908959227553,https://www.facebook.com/shesaidfilm/videos/564505348386437,ZmVlZGJhY2s6MTM0OTA4OTU5MjI3NTUzXzg1ODkzMjc2ODQ0NzQ0MA==,Y29tbWVudDoxMzQ5MDg5NTkyMjc1NTNfODU4OTMyNzY4NDQ3NDQw,4,"Carey Mulligan and Zoe Kazan star in #SheSaidMovie, only in theaters this November. Watch the trailer now.",pfbid0tKJLno8AseeCTiuiBMLhgQU4YeVNWyqABbucVTtRnzaXqNGppAYmGvPDuf6iSLedl,,There are so few really good movies out there so when you find one you hold on for dear life and see it two or three or four times.üíôüíö‚ô•Ô∏è‚úç‚úçüìΩüìΩüìΩüìΩüñ•üìΩ.But hopefully on the big screen!‚ù§Ô∏è‚ô•Ô∏è,,
7,https://www.facebook.com/shesaidfilm/videos/564505348386437?comment_id=771475367216159,,2022-07-15T22:06:13.000Z,134908959227553,https://www.facebook.com/shesaidfilm/videos/564505348386437,ZmVlZGJhY2s6MTM0OTA4OTU5MjI3NTUzXzc3MTQ3NTM2NzIxNjE1OQ==,Y29tbWVudDoxMzQ5MDg5NTkyMjc1NTNfNzcxNDc1MzY3MjE2MTU5,0,"Carey Mulligan and Zoe Kazan star in #SheSaidMovie, only in theaters this November. Watch the trailer now.",pfbid02Y4JkHqPhGn6WNyjnoxMHSk5C6UjNhpWEDRfEHSbc8pWBwarTNXJAMLxpwqsUCju6l,,Did I notice that FB now did something similar to Instagram where they can have two creators (in this case Universal the film‚Äôs accounts) share the same post?,,
8,https://www.facebook.com/shesaidfilm/videos/564505348386437?comment_id=619922119820661,,2022-11-19T20:42:10.000Z,134908959227553,https://www.facebook.com/shesaidfilm/videos/564505348386437,ZmVlZGJhY2s6MTM0OTA4OTU5MjI3NTUzXzYxOTkyMjExOTgyMDY2MQ==,Y29tbWVudDoxMzQ5MDg5NTkyMjc1NTNfNjE5OTIyMTE5ODIwNjYx,1,"Carey Mulligan and Zoe Kazan star in #SheSaidMovie, only in theaters this November. Watch the trailer now.",pfbid0v3E84EhxLHeZEJxsqeRqLZ3acaQFMV8cd6GnHjU43pzSV7PBWti3QmCo5KMbp3h2l,,"This is good. Getting ready to watch it now. I hope this sends a strong message to Hollywood: Time to get back to the arts. Stop pushing political agendas, and stop putting actresses on the screen who cannot clearly act. Just get back to story telling again.",,
9,https://www.facebook.com/shesaidfilm/videos/564505348386437?comment_id=677043940653762,3.0,2022-11-01T14:07:19.000Z,134908959227553,https://www.facebook.com/shesaidfilm/videos/564505348386437,ZmVlZGJhY2s6MTM0OTA4OTU5MjI3NTUzXzY3NzA0Mzk0MDY1Mzc2Mg==,Y29tbWVudDoxMzQ5MDg5NTkyMjc1NTNfNjc3MDQzOTQwNjUzNzYy,0,"Carey Mulligan and Zoe Kazan star in #SheSaidMovie, only in theaters this November. Watch the trailer now.",pfbid0K2nvxEg65wTHroFPjkVJDwb3J9M5VpZHvs2fJbq8B6SYir1jwhQuLjnXCp6Feg2yl,,"This really hits ya! I applaud them for getting it out there! This might bring out emotions,but....in a good way. Needed to be done. I want to watch! I have my tissues.",,
10,https://www.facebook.com/shesaidfilm/videos/564505348386437?comment_id=460578596098839,1.0,2022-11-20T22:39:41.000Z,134908959227553,https://www.facebook.com/shesaidfilm/videos/564505348386437,ZmVlZGJhY2s6MTM0OTA4OTU5MjI3NTUzXzQ2MDU3ODU5NjA5ODgzOQ==,Y29tbWVudDoxMzQ5MDg5NTkyMjc1NTNfNDYwNTc4NTk2MDk4ODM5,1,"Carey Mulligan and Zoe Kazan star in #SheSaidMovie, only in theaters this November. Watch the trailer now.",pfbid02wHQwBk3iiPGdbFnWnMj5dcj4dm4NfSxPFP7G8itM7EqvMe1dpgvw63pfSQ6AxUfDl,,I really wanted to see this‚Ä¶but I don‚Äôt trust strangers enough to risk my safety in a theater. I‚Äôll def see/cop it when it comes out tho!,,
11,https://www.facebook.com/shesaidfilm/videos/564505348386437?comment_id=673213187510594,,2022-11-02T19:57:36.000Z,134908959227553,https://www.facebook.com/shesaidfilm/videos/564505348386437,ZmVlZGJhY2s6MTM0OTA4OTU5MjI3NTUzXzY3MzIxMzE4NzUxMDU5NA==,Y29tbWVudDoxMzQ5MDg5NTkyMjc1NTNfNjczMjEzMTg3NTEwNTk0,1,"Carey Mulligan and Zoe Kazan star in #SheSaidMovie, only in theaters this November. Watch the trailer now.",pfbid0fB84CNq3nLrnWf85hYekQo2xeg6qfzXHE1M7jGYbrrKZUPYmWL2Y7EQsBALfFAAnl,,I could use your help‚Ä¶,,
12,https://www.facebook.com/shesaidfilm/videos/564505348386437?comment_id=5366712913454407,,2022-11-28T02:40:13.000Z,134908959227553,https://www.facebook.com/shesaidfilm/videos/564505348386437,ZmVlZGJhY2s6MTM0OTA4OTU5MjI3NTUzXzUzNjY3MTI5MTM0NTQ0MDc=,Y29tbWVudDoxMzQ5MDg5NTkyMjc1NTNfNTM2NjcxMjkxMzQ1NDQwNw==,0,"Carey Mulligan and Zoe Kazan star in #SheSaidMovie, only in theaters this November. Watch the trailer now.",pfbid02hQRfy7Y3YMBknQJUSfJLfQRUFAusiXQmCbmB5MbFPQL39SnFX7GNFTv8Msq7ipB7l,,I saw this movie today..as someone sexually harassed by my boss I eventually filed charges against him. This was 1985.  It still goes on..,,
13,https://www.facebook.com/shesaidfilm/videos/564505348386437?comment_id=1280454359413027,,2022-10-31T23:21:44.000Z,134908959227553,https://www.facebook.com/shesaidfilm/videos/564505348386437,ZmVlZGJhY2s6MTM0OTA4OTU5MjI3NTUzXzEyODA0NTQzNTk0MTMwMjc=,Y29tbWVudDoxMzQ5MDg5NTkyMjc1NTNfMTI4MDQ1NDM1OTQxMzAyNw==,1,"Carey Mulligan and Zoe Kazan star in #SheSaidMovie, only in theaters this November. Watch the trailer now.",pfbid02hPSfXHk5Bk4Aqg5QDX7mx1k3uVRvgHp1SH7FxSKDRx6ZrDZ1XxLNm2iHinrr6xH5l,,Definately want to see this,,
14,https://www.facebook.com/shesaidfilm/videos/564505348386437?comment_id=462463985714415,,2022-07-14T17:46:53.000Z,134908959227553,https://www.facebook.com/shesaidfilm/videos/564505348386437,ZmVlZGJhY2s6MTM0OTA4OTU5MjI3NTUzXzQ2MjQ2Mzk4NTcxNDQxNQ==,Y29tbWVudDoxMzQ5MDg5NTkyMjc1NTNfNDYyNDYzOTg1NzE0NDE1,1,"Carey Mulligan and Zoe Kazan star in #SheSaidMovie, only in theaters this November. Watch the trailer now.",pfbid0F3A82Nt71oCkUERCGa83rx25n7HhhVxBohAMtnFPhjiiEhCMPRrxB6ikQwzkgHUkl,,So true happens in real world. Bosses powerful usually win.,,
15,https://www.facebook.com/shesaidfilm/videos/564505348386437?comment_id=843264796717372,,2022-11-17T21:49:44.000Z,134908959227553,https://www.facebook.com/shesaidfilm/videos/564505348386437,ZmVlZGJhY2s6MTM0OTA4OTU5MjI3NTUzXzg0MzI2NDc5NjcxNzM3Mg==,Y29tbWVudDoxMzQ5MDg5NTkyMjc1NTNfODQzMjY0Nzk2NzE3Mzcy,2,"Carey Mulligan and Zoe Kazan star in #SheSaidMovie, only in theaters this November. Watch the trailer now.",pfbid0nvCEHkJKEk7PK7tk89RpPXeD6izSrtzQvph8zRQ33B5qdRyEXKErvj1m9bZwE1B7l,,This story needed to be told and this film does an excellent job.  Hope you get to see it this Friday.,,
16,https://www.facebook.com/shesaidfilm/videos/564505348386437?comment_id=841039193703430,,2022-11-23T17:03:54.000Z,134908959227553,https://www.facebook.com/shesaidfilm/videos/564505348386437,ZmVlZGJhY2s6MTM0OTA4OTU5MjI3NTUzXzg0MTAzOTE5MzcwMzQzMA==,Y29tbWVudDoxMzQ5MDg5NTkyMjc1NTNfODQxMDM5MTkzNzAzNDMw,0,"Carey Mulligan and Zoe Kazan star in #SheSaidMovie, only in theaters this November. Watch the trailer now.",pfbid024RDFY7H3aVdJBftutx49srHXjHhwtkMezSSXjURZnu9DmSjhu5ost7U3a8gppQUgl,,"Woke Flop

https://youtu.be/JIX6ellQMSQ",,
17,https://www.facebook.com/shesaidfilm/videos/564505348386437?comment_id=1307149113418427,,2022-11-24T20:47:32.000Z,134908959227553,https://www.facebook.com/shesaidfilm/videos/564505348386437,ZmVlZGJhY2s6MTM0OTA4OTU5MjI3NTUzXzEzMDcxNDkxMTM0MTg0Mjc=,Y29tbWVudDoxMzQ5MDg5NTkyMjc1NTNfMTMwNzE0OTExMzQxODQyNw==,0,"Carey Mulligan and Zoe Kazan star in #SheSaidMovie, only in theaters this November. Watch the trailer now.",pfbid027mAmQ3gnMpEPEmfydLzAYvZDPipYsTJBDcSRfuyhVj131T37Muj8qEttjfWwFJvvl,,"Those journalists reformed work ethics, but this movie does not do them justice...",,
18,https://www.facebook.com/shesaidfilm/videos/564505348386437?comment_id=842470797207115,,2022-11-18T12:28:38.000Z,134908959227553,https://www.facebook.com/shesaidfilm/videos/564505348386437,ZmVlZGJhY2s6MTM0OTA4OTU5MjI3NTUzXzg0MjQ3MDc5NzIwNzExNQ==,Y29tbWVudDoxMzQ5MDg5NTkyMjc1NTNfODQyNDcwNzk3MjA3MTE1,1,"Carey Mulligan and Zoe Kazan star in #SheSaidMovie, only in theaters this November. Watch the trailer now.",pfbid02ASMeN3AXaLyEC5umLaZCX4TCHDr6Dc9yVGVEzMSEqinW9hdCBjofGhqjZKvxMJuul,,"Don‚Äôt do cinemas but I‚Äôm going to see this. A story, if that‚Äôs the right word to use, that needs telling.",,
19,https://www.facebook.com/shesaidfilm/videos/564505348386437?comment_id=1549259638849696,,2022-11-19T01:09:23.000Z,134908959227553,https://www.facebook.com/shesaidfilm/videos/564505348386437,ZmVlZGJhY2s6MTM0OTA4OTU5MjI3NTUzXzE1NDkyNTk2Mzg4NDk2OTY=,Y29tbWVudDoxMzQ5MDg5NTkyMjc1NTNfMTU0OTI1OTYzODg0OTY5Ng==,1,"Carey Mulligan and Zoe Kazan star in #SheSaidMovie, only in theaters this November. Watch the trailer now.",pfbid09x59gmb4ZQaz7vsz899knSQEoj8yY56PuR6wFetKcps3UZYn2oYWU3TtQoR3GG7dl,,We're planning to go!,,
20,https://www.facebook.com/shesaidfilm/videos/564505348386437?comment_id=533131961619559,,2022-11-15T20:11:23.000Z,134908959227553,https://www.facebook.com/shesaidfilm/videos/564505348386437,ZmVlZGJhY2s6MTM0OTA4OTU5MjI3NTUzXzUzMzEzMTk2MTYxOTU1OQ==,Y29tbWVudDoxMzQ5MDg5NTkyMjc1NTNfNTMzMTMxOTYxNjE5NTU5,0,"Carey Mulligan and Zoe Kazan star in #SheSaidMovie, only in theaters this November. Watch the trailer now.",pfbid0Hq1MuVm122yKuuTQL6pfBiBXgovhgB2V8jyiUeGMjjShK5E1LZjiEu5ugm5VDFAsl,,"Ethan Eisenbaum this is the movie I bought tickets for, on Friday at 7pm.",,
21,https://www.facebook.com/shesaidfilm/videos/564505348386437?comment_id=469353531958535,,2022-11-14T10:29:22.000Z,134908959227553,https://www.facebook.com/shesaidfilm/videos/564505348386437,ZmVlZGJhY2s6MTM0OTA4OTU5MjI3NTUzXzQ2OTM1MzUzMTk1ODUzNQ==,Y29tbWVudDoxMzQ5MDg5NTkyMjc1NTNfNDY5MzUzNTMxOTU4NTM1,1,"Carey Mulligan and Zoe Kazan star in #SheSaidMovie, only in theaters this November. Watch the trailer now.",pfbid0xt8if2iYL3Gm1bp5RDK89HWv8a7dDbou8b5qheREKphjyH6EkErDzf9MWibeUmrol,,Carolyn Bettens this would be good,,
22,https://www.facebook.com/shesaidfilm/videos/564505348386437?comment_id=625664582574895,,2022-11-28T19:18:50.000Z,134908959227553,https://www.facebook.com/shesaidfilm/videos/564505348386437,ZmVlZGJhY2s6MTM0OTA4OTU5MjI3NTUzXzYyNTY2NDU4MjU3NDg5NQ==,Y29tbWVudDoxMzQ5MDg5NTkyMjc1NTNfNjI1NjY0NTgyNTc0ODk1,0,"Carey Mulligan and Zoe Kazan star in #SheSaidMovie, only in theaters this November. Watch the trailer now.",pfbid0uTNXPQjpYAKEDkdTMEk6fJ8JQwVwAtaVwSEUzjDxjjs78TuMk78eLhNmahEH1YRFl,,REALLLY WANT TO WATCH THIS <3,,
23,https://www.facebook.com/shesaidfilm/videos/564505348386437?comment_id=537175574605557,,2022-11-22T04:25:47.000Z,134908959227553,https://www.facebook.com/shesaidfilm/videos/564505348386437,ZmVlZGJhY2s6MTM0OTA4OTU5MjI3NTUzXzUzNzE3NTU3NDYwNTU1Nw==,Y29tbWVudDoxMzQ5MDg5NTkyMjc1NTNfNTM3MTc1NTc0NjA1NTU3,0,"Carey Mulligan and Zoe Kazan star in #SheSaidMovie, only in theaters this November. Watch the trailer now.",pfbid0RujguM5haZxQ9vRYeviGQE7cWki8USrrJngk6zhtjFoFYiAJUHyHs3QfdyoXQhGWl,,I think this poster is better than the version in hk,,
24,https://www.facebook.com/shesaidfilm/videos/564505348386437?comment_id=1036179113916845,,2022-11-28T17:12:17.000Z,134908959227553,https://www.facebook.com/shesaidfilm/videos/564505348386437,ZmVlZGJhY2s6MTM0OTA4OTU5MjI3NTUzXzEwMzYxNzkxMTM5MTY4NDU=,Y29tbWVudDoxMzQ5MDg5NTkyMjc1NTNfMTAzNjE3OTExMzkxNjg0NQ==,1,"Carey Mulligan and Zoe Kazan star in #SheSaidMovie, only in theaters this November. Watch the trailer now.",pfbid02DSK8D8tpKXajHwmDnrdF6Fe7cbHLrRMNZda2kZKZzQQKC6uUhRX6DrARDJPHu1tl,,Excellent film avec deux superbes actrices ‚ù§Ô∏è‚ù§Ô∏è‚ù§Ô∏è,,
25,https://www.facebook.com/shesaidfilm/videos/564505348386437?comment_id=868333717870731,,2022-11-04T20:20:10.000Z,134908959227553,https://www.facebook.com/shesaidfilm/videos/564505348386437,ZmVlZGJhY2s6MTM0OTA4OTU5MjI3NTUzXzg2ODMzMzcxNzg3MDczMQ==,Y29tbWVudDoxMzQ5MDg5NTkyMjc1NTNfODY4MzMzNzE3ODcwNzMx,0,"Carey Mulligan and Zoe Kazan star in #SheSaidMovie, only in theaters this November. Watch the trailer now.",pfbid02QUX1AviNZvz9NycyKP5rdacRxHR8wWSXEP3Mc69nKhRvv2ooCjnrTsStcHrwe5eNl,,Crystal Dodson-Galindo,,
26,https://www.facebook.com/shesaidfilm/videos/564505348386437?comment_id=814480323292165,1.0,2022-07-16T14:08:55.000Z,134908959227553,https://www.facebook.com/shesaidfilm/videos/564505348386437,ZmVlZGJhY2s6MTM0OTA4OTU5MjI3NTUzXzgxNDQ4MDMyMzI5MjE2NQ==,Y29tbWVudDoxMzQ5MDg5NTkyMjc1NTNfODE0NDgwMzIzMjkyMTY1,0,"Carey Mulligan and Zoe Kazan star in #SheSaidMovie, only in theaters this November. Watch the trailer now.",pfbid02F3GPwMjiWa3Hw9tDy4ZxqppXSaFVqdgo4Us1P9dmzTGPLYutCDg7N95dzorhWcxFl,,Jennifer Nistler Killelea this goes on our movie list,,
27,https://www.facebook.com/shesaidfilm/videos/564505348386437?comment_id=681323776802859,,2022-12-23T18:35:02.000Z,134908959227553,https://www.facebook.com/shesaidfilm/videos/564505348386437,ZmVlZGJhY2s6MTM0OTA4OTU5MjI3NTUzXzY4MTMyMzc3NjgwMjg1OQ==,Y29tbWVudDoxMzQ5MDg5NTkyMjc1NTNfNjgxMzIzNzc2ODAyODU5,0,"Carey Mulligan and Zoe Kazan star in #SheSaidMovie, only in theaters this November. Watch the trailer now.",pfbid0h5rvMt8X9dsUZ6BidpcKYaGR49Z6yXxUNBbu423rtiFS5jd1CGmTGQLvTBChLmVJl,,"Powerful, this is why journalist are sometimes the one who can do justice more then men in uniforms. And they risk doing it for free for common people and they are not protected.",,
28,https://www.facebook.com/shesaidfilm/videos/564505348386437?comment_id=1466641060410984,,2022-10-29T04:39:29.000Z,134908959227553,https://www.facebook.com/shesaidfilm/videos/564505348386437,ZmVlZGJhY2s6MTM0OTA4OTU5MjI3NTUzXzE0NjY2NDEwNjA0MTA5ODQ=,Y29tbWVudDoxMzQ5MDg5NTkyMjc1NTNfMTQ2NjY0MTA2MDQxMDk4NA==,0,"Carey Mulligan and Zoe Kazan star in #SheSaidMovie, only in theaters this November. Watch the trailer now.",pfbid0KhTD2kDCtRC7ixBRV71675PokFJ2oSRf4z688EwpHrb1cRxV3q3QfTphJVxyxFKnl,,Andrea Joanna Rojas,,
29,https://www.facebook.com/shesaidfilm/videos/564505348386437?comment_id=568004778098562,,2022-07-18T13:21:55.000Z,134908959227553,https://www.facebook.com/shesaidfilm/videos/564505348386437,ZmVlZGJhY2s6MTM0OTA4OTU5MjI3NTUzXzU2ODAwNDc3ODA5ODU2Mg==,Y29tbWVudDoxMzQ5MDg5NTkyMjc1NTNfNTY4MDA0Nzc4MDk4NTYy,0,"Carey Mulligan and Zoe Kazan star in #SheSaidMovie, only in theaters this November. Watch the trailer now.",pfbid0xdPdQuU4qo8osBzqsUGrvrPJSn72GpFnoJB4Q4v4NW5KAn7pgfR47NkiUB8cQ67ol,,Brigitte Squitti,,
30,https://www.facebook.com/shesaidfilm/videos/564505348386437?comment_id=678492763940179,,2022-11-19T20:30:56.000Z,134908959227553,https://www.facebook.com/shesaidfilm/videos/564505348386437,ZmVlZGJhY2s6MTM0OTA4OTU5MjI3NTUzXzY3ODQ5Mjc2Mzk0MDE3OQ==,Y29tbWVudDoxMzQ5MDg5NTkyMjc1NTNfNjc4NDkyNzYzOTQwMTc5,0,"Carey Mulligan and Zoe Kazan star in #SheSaidMovie, only in theaters this November. Watch the trailer now.",pfbid0tKJLno8AseeCTiuiBMLhgQU4YeVNWyqABbucVTtRnzaXqNGppAYmGvPDuf6iSLedl,,Saw it last night on the big screen...thank goodness....Great movie ...I have to see this again .....What a story huh....At it's height Memorix or Miramax or whatever it was called was so powerful it was off the charts.,,
31,https://www.facebook.com/shesaidfilm/videos/564505348386437?comment_id=1300026130767734,2.0,2022-10-25T09:58:29.000Z,134908959227553,https://www.facebook.com/shesaidfilm/videos/564505348386437,ZmVlZGJhY2s6MTM0OTA4OTU5MjI3NTUzXzEzMDAwMjYxMzA3Njc3MzQ=,Y29tbWVudDoxMzQ5MDg5NTkyMjc1NTNfMTMwMDAyNjEzMDc2NzczNA==,0,"Carey Mulligan and Zoe Kazan star in #SheSaidMovie, only in theaters this November. Watch the trailer now.",pfbid02dPGAFBY7dfhJZwEyxLmTjiV73aT8Bc42P3ftnLgx6FgzZ9vYJt9ecdiUHqpfMHgbl,,Mary Jo Troup,,
32,https://www.facebook.com/shesaidfilm/videos/564505348386437?comment_id=489848689832369,,2022-11-04T20:20:18.000Z,134908959227553,https://www.facebook.com/shesaidfilm/videos/564505348386437,ZmVlZGJhY2s6MTM0OTA4OTU5MjI3NTUzXzQ4OTg0ODY4OTgzMjM2OQ==,Y29tbWVudDoxMzQ5MDg5NTkyMjc1NTNfNDg5ODQ4Njg5ODMyMzY5,0,"Carey Mulligan and Zoe Kazan star in #SheSaidMovie, only in theaters this November. Watch the trailer now.",pfbid02QUX1AviNZvz9NycyKP5rdacRxHR8wWSXEP3Mc69nKhRvv2ooCjnrTsStcHrwe5eNl,,Lisa Ward Schoeffler,,
33,https://www.facebook.com/shesaidfilm/videos/564505348386437?comment_id=820069949145253,,2022-10-21T16:48:49.000Z,134908959227553,https://www.facebook.com/shesaidfilm/videos/564505348386437,ZmVlZGJhY2s6MTM0OTA4OTU5MjI3NTUzXzgyMDA2OTk0OTE0NTI1Mw==,Y29tbWVudDoxMzQ5MDg5NTkyMjc1NTNfODIwMDY5OTQ5MTQ1MjUz,1,"Carey Mulligan and Zoe Kazan star in #SheSaidMovie, only in theaters this November. Watch the trailer now.",pfbid023uwgwo1SmptjQwAsgnpjtyJoXMSt7Gq7iLU591cjNic3tZcshDUYo9efcg1nxqTul,,Zee Nel,,
34,https://www.facebook.com/shesaidfilm/videos/564505348386437?comment_id=1283541249152797,,2022-11-21T22:58:38.000Z,134908959227553,https://www.facebook.com/shesaidfilm/videos/564505348386437,ZmVlZGJhY2s6MTM0OTA4OTU5MjI3NTUzXzEyODM1NDEyNDkxNTI3OTc=,Y29tbWVudDoxMzQ5MDg5NTkyMjc1NTNfMTI4MzU0MTI0OTE1Mjc5Nw==,1,"Carey Mulligan and Zoe Kazan star in #SheSaidMovie, only in theaters this November. Watch the trailer now.",pfbid02y4HmDteX5Xeujke1zMzYPZKHQ2riMAuKzLAudAzLKmkjzmtMJLdFqZhURpLhywBfl,,Nita Davis,,
35,https://www.facebook.com/shesaidfilm/videos/564505348386437?comment_id=666954771563116,3.0,2022-11-23T22:06:57.000Z,134908959227553,https://www.facebook.com/shesaidfilm/videos/564505348386437,ZmVlZGJhY2s6MTM0OTA4OTU5MjI3NTUzXzY2Njk1NDc3MTU2MzExNg==,Y29tbWVudDoxMzQ5MDg5NTkyMjc1NTNfNjY2OTU0NzcxNTYzMTE2,0,"Carey Mulligan and Zoe Kazan star in #SheSaidMovie, only in theaters this November. Watch the trailer now.",pfbid02XYAWdu5u3cXUMS89cjk8ezV1vs1z3fut19vKPzdiTFDN79cMaNKA5iDCb7jeCuXfl,,Gabi Chenoweth ??? Xx,,
36,https://www.facebook.com/shesaidfilm/videos/564505348386437?comment_id=641947040903216,1.0,2022-11-13T23:48:04.000Z,134908959227553,https://www.facebook.com/shesaidfilm/videos/564505348386437,ZmVlZGJhY2s6MTM0OTA4OTU5MjI3NTUzXzY0MTk0NzA0MDkwMzIxNg==,Y29tbWVudDoxMzQ5MDg5NTkyMjc1NTNfNjQxOTQ3MDQwOTAzMjE2,0,"Carey Mulligan and Zoe Kazan star in #SheSaidMovie, only in theaters this November. Watch the trailer now.",pfbid0dRtGLWByBfusCF3dGLBrWX2CfRc6UnLLEJKFLmKhwgxDbVY7R1b4PztEfqtbJzhvl,,Annabel Beaulieu,,
37,https://www.facebook.com/shesaidfilm/videos/564505348386437?comment_id=5447502028683668,,2023-02-22T12:11:27.000Z,134908959227553,https://www.facebook.com/shesaidfilm/videos/564505348386437,ZmVlZGJhY2s6MTM0OTA4OTU5MjI3NTUzXzU0NDc1MDIwMjg2ODM2Njg=,Y29tbWVudDoxMzQ5MDg5NTkyMjc1NTNfNTQ0NzUwMjAyODY4MzY2OA==,1,"Carey Mulligan and Zoe Kazan star in #SheSaidMovie, only in theaters this November. Watch the trailer now.",pfbid02pmmLt9pAFPv7vRVfcw1QgnVS3BUkMh6GUsXY53a7dmQRm2LNgcHmUTCndxzJyXKjl,,Stuart Kennedy,,
38,https://www.facebook.com/shesaidfilm/videos/564505348386437?comment_id=372805864790987,,2022-07-14T20:00:56.000Z,134908959227553,https://www.facebook.com/shesaidfilm/videos/564505348386437,ZmVlZGJhY2s6MTM0OTA4OTU5MjI3NTUzXzM3MjgwNTg2NDc5MDk4Nw==,Y29tbWVudDoxMzQ5MDg5NTkyMjc1NTNfMzcyODA1ODY0NzkwOTg3,0,"Carey Mulligan and Zoe Kazan star in #SheSaidMovie, only in theaters this November. Watch the trailer now.",pfbid0Ed2GRb5uqxDHi6MVhiWdkamU2TmbBrxgPnqcu1UG1vEroxZMygQgNeArcNBvnq7jl,,Wilde Stripe,,
39,https://www.facebook.com/shesaidfilm/videos/564505348386437?comment_id=1240856350106055,,2022-11-27T22:00:45.000Z,134908959227553,https://www.facebook.com/shesaidfilm/videos/564505348386437,ZmVlZGJhY2s6MTM0OTA4OTU5MjI3NTUzXzEyNDA4NTYzNTAxMDYwNTU=,Y29tbWVudDoxMzQ5MDg5NTkyMjc1NTNfMTI0MDg1NjM1MDEwNjA1NQ==,0,"Carey Mulligan and Zoe Kazan star in #SheSaidMovie, only in theaters this November. Watch the trailer now.",pfbid0vG7ZE9mMt1xzRnSxXz7En1CvV7WCDMkoSN2zARSCxFYbPDVq9FHnup4QDEuNSzUpl,,"I really enjoyed this movie
I laughed
I cried
I got pissed off at Harvey W",,
40,https://www.facebook.com/shesaidfilm/videos/564505348386437?comment_id=1531104050659986,,2022-09-20T16:06:05.000Z,134908959227553,https://www.facebook.com/shesaidfilm/videos/564505348386437,ZmVlZGJhY2s6MTM0OTA4OTU5MjI3NTUzXzE1MzExMDQwNTA2NTk5ODY=,Y29tbWVudDoxMzQ5MDg5NTkyMjc1NTNfMTUzMTEwNDA1MDY1OTk4Ng==,0,"Carey Mulligan and Zoe Kazan star in #SheSaidMovie, only in theaters this November. Watch the trailer now.",pfbid0tTviba7GNiZHa9gL56opLiSXTSE9zoE2EFo1SRf5SrCLeTL4igjUfMKHmTxoJnurl,,‡∏°‡∏±‡∏ô‡πÄ‡∏õ‡πá‡∏ô‡∏Ç‡πâ‡∏≠,,
41,https://www.facebook.com/shesaidfilm/videos/564505348386437?comment_id=3421242924823476,,2022-11-27T00:20:44.000Z,134908959227553,https://www.facebook.com/shesaidfilm/videos/564505348386437,ZmVlZGJhY2s6MTM0OTA4OTU5MjI3NTUzXzM0MjEyNDI5MjQ4MjM0NzY=,Y29tbWVudDoxMzQ5MDg5NTkyMjc1NTNfMzQyMTI0MjkyNDgyMzQ3Ng==,0,"Carey Mulligan and Zoe Kazan star in #SheSaidMovie, only in theaters this November. Watch the trailer now.",pfbid086cHa7HjCjpRMpP5eN4Wgjpm7mFTAwJGy4UX8DZseZ45QJT4n83N58Umv714BpmXl,,hahaha worst Movie flop in history.. haha,,
42,https://www.facebook.com/shesaidfilm/videos/564505348386437?comment_id=674063363627840,,2022-09-20T16:04:29.000Z,134908959227553,https://www.facebook.com/shesaidfilm/videos/564505348386437,ZmVlZGJhY2s6MTM0OTA4OTU5MjI3NTUzXzY3NDA2MzM2MzYyNzg0MA==,Y29tbWVudDoxMzQ5MDg5NTkyMjc1NTNfNjc0MDYzMzYzNjI3ODQw,0,"Carey Mulligan and Zoe Kazan star in #SheSaidMovie, only in theaters this November. Watch the trailer now.",pfbid0tTviba7GNiZHa9gL56opLiSXTSE9zoE2EFo1SRf5SrCLeTL4igjUfMKHmTxoJnurl,,‡∏Å‡∏π‡∏Ñ‡∏¥‡∏î‡πÑ‡∏ß‡πâ‡πÅ‡∏•‡πâ‡∏ß‡∏Å‡∏π‡∏Å‡πá‡∏à‡∏∞‡∏°‡∏≤‡∏ï‡∏±‡πâ‡∏á‡∏ô‡∏≤‡∏ô‡πÅ‡∏•‡πâ‡∏ß‡πÅ‡∏ö‡∏ö‡∏ô‡∏µ‡πâ,,
43,https://www.facebook.com/shesaidfilm/videos/564505348386437?comment_id=5198948253544541,,2022-09-20T16:03:19.000Z,134908959227553,https://www.facebook.com/shesaidfilm/videos/564505348386437,ZmVlZGJhY2s6MTM0OTA4OTU5MjI3NTUzXzUxOTg5NDgyNTM1NDQ1NDE=,Y29tbWVudDoxMzQ5MDg5NTkyMjc1NTNfNTE5ODk0ODI1MzU0NDU0MQ==,0,"Carey Mulligan and Zoe Kazan star in #SheSaidMovie, only in theaters this November. Watch the trailer now.",pfbid0tTviba7GNiZHa9gL56opLiSXTSE9zoE2EFo1SRf5SrCLeTL4igjUfMKHmTxoJnurl,,‡∏´‡∏≤‡πÅ‡∏î‡∏Å‡∏´‡∏≤‡πÅ‡∏î‡∏Å‡πÅ‡∏ö‡∏ö‡∏ô‡∏µ‡πâ‡πÑ‡∏°‡πà‡∏™‡∏∏‡∏à‡∏£‡∏¥‡∏ï,,
44,https://www.facebook.com/shesaidfilm/videos/564505348386437?comment_id=663439178507576,1.0,2022-10-25T04:32:59.000Z,134908959227553,https://www.facebook.com/shesaidfilm/videos/564505348386437,ZmVlZGJhY2s6MTM0OTA4OTU5MjI3NTUzXzY2MzQzOTE3ODUwNzU3Ng==,Y29tbWVudDoxMzQ5MDg5NTkyMjc1NTNfNjYzNDM5MTc4NTA3NTc2,1,"Carey Mulligan and Zoe Kazan star in #SheSaidMovie, only in theaters this November. Watch the trailer now.",100032548000792,,Ashley Chavez vamos a verla,,
45,https://www.facebook.com/shesaidfilm/videos/564505348386437?comment_id=1512949212540806,,2022-10-29T12:13:37.000Z,134908959227553,https://www.facebook.com/shesaidfilm/videos/564505348386437,ZmVlZGJhY2s6MTM0OTA4OTU5MjI3NTUzXzE1MTI5NDkyMTI1NDA4MDY=,Y29tbWVudDoxMzQ5MDg5NTkyMjc1NTNfMTUxMjk0OTIxMjU0MDgwNg==,1,"Carey Mulligan and Zoe Kazan star in #SheSaidMovie, only in theaters this November. Watch the trailer now.",pfbid037rC46us9o3vLjcZrwgtNQKw9jv5t9t5G22DySTxyKKyhwG2Je9J2xiW4E3tJrrMSl,,"Georgina Chapman, a gorgeous woman married to that hideous man. She lived in luxury a
And üíØ financed by Weinstein, fashion line and more. Someone like her would NEVER be with a guy who looked like that if he don‚Äôt have $$$.
Now she‚Äôs awfully quiet‚Ä¶.
Not a woman‚Äôs woman.",,
46,https://www.facebook.com/shesaidfilm/videos/564505348386437?comment_id=457799159809769,1.0,2022-11-19T20:34:17.000Z,134908959227553,https://www.facebook.com/shesaidfilm/videos/564505348386437,ZmVlZGJhY2s6MTM0OTA4OTU5MjI3NTUzXzQ1Nzc5OTE1OTgwOTc2OQ==,Y29tbWVudDoxMzQ5MDg5NTkyMjc1NTNfNDU3Nzk5MTU5ODA5NzY5,0,"Carey Mulligan and Zoe Kazan star in #SheSaidMovie, only in theaters this November. Watch the trailer now.",pfbid0tKJLno8AseeCTiuiBMLhgQU4YeVNWyqABbucVTtRnzaXqNGppAYmGvPDuf6iSLedl,,Spellcheck...Memorex or Miramax.‚ô•Ô∏è,,
47,https://www.facebook.com/shesaidfilm/videos/564505348386437?comment_id=1180432529249744,,2022-11-27T21:59:36.000Z,134908959227553,https://www.facebook.com/shesaidfilm/videos/564505348386437,ZmVlZGJhY2s6MTM0OTA4OTU5MjI3NTUzXzExODA0MzI1MjkyNDk3NDQ=,Y29tbWVudDoxMzQ5MDg5NTkyMjc1NTNfMTE4MDQzMjUyOTI0OTc0NA==,0,"Carey Mulligan and Zoe Kazan star in #SheSaidMovie, only in theaters this November. Watch the trailer now.",pfbid0vG7ZE9mMt1xzRnSxXz7En1CvV7WCDMkoSN2zARSCxFYbPDVq9FHnup4QDEuNSzUpl,,"A man who had tons of money
Subjected young ladies to forced 
sexual encounters
He could have easily paid for high
class sex escorts but he wanted to 
get through life cheaply
Im glad he had the book thrown at him",,
48,https://www.facebook.com/shesaidfilm/videos/564505348386437?comment_id=494731548795152,,2022-09-20T16:01:26.000Z,134908959227553,https://www.facebook.com/shesaidfilm/videos/564505348386437,ZmVlZGJhY2s6MTM0OTA4OTU5MjI3NTUzXzQ5NDczMTU0ODc5NTE1Mg==,Y29tbWVudDoxMzQ5MDg5NTkyMjc1NTNfNDk0NzMxNTQ4Nzk1MTUy,0,"Carey Mulligan and Zoe Kazan star in #SheSaidMovie, only in theaters this November. Watch the trailer now.",pfbid0tTviba7GNiZHa9gL56opLiSXTSE9zoE2EFo1SRf5SrCLeTL4igjUfMKHmTxoJnurl,,‡∏Ñ‡∏ß‡∏¢,,
49,https://www.facebook.com/shesaidfilm/videos/564505348386437?comment_id=877430443299378,,2022-11-16T10:10:49.000Z,134908959227553,https://www.facebook.com/shesaidfilm/videos/564505348386437,ZmVlZGJhY2s6MTM0OTA4OTU5MjI3NTUzXzg3NzQzMDQ0MzI5OTM3OA==,Y29tbWVudDoxMzQ5MDg5NTkyMjc1NTNfODc3NDMwNDQzMjk5Mzc4,0,"Carey Mulligan and Zoe Kazan star in #SheSaidMovie, only in theaters this November. Watch the trailer now.",pfbid02BY2UYCB8pAfinA7N2viqoR6RYvbkN7Xv7SV6Av8fWVktEXBbLqgko6KGqVVz93uMl,,F.c.c t,,
50,https://www.facebook.com/shesaidfilm/videos/564505348386437?comment_id=649092070007648,,2022-11-14T04:09:22.000Z,134908959227553,https://www.facebook.com/shesaidfilm/videos/564505348386437,ZmVlZGJhY2s6MTM0OTA4OTU5MjI3NTUzXzY0OTA5MjA3MDAwNzY0OA==,Y29tbWVudDoxMzQ5MDg5NTkyMjc1NTNfNjQ5MDkyMDcwMDA3NjQ4,0,"Carey Mulligan and Zoe Kazan star in #SheSaidMovie, only in theaters this November. Watch the trailer now.",pfbid0V9UBNy7PHc6iGdUUtYQsFrRZR7aXeLWZSwpZL9g1DmsmM2LL58SPq3U3bHJLzw1Jl,Y29tbWVudDoxMzQ5MDg5NTkyMjc1NTNfNjQxOTQ3MDQwOTAzMjE2,Sarah-Maude Pag√© wow on l‚Äô√©coute quand,1.0,
51,https://www.facebook.com/shesaidfilm/videos/564505348386437?comment_id=2190248291155575,,2022-11-20T00:33:28.000Z,134908959227553,https://www.facebook.com/shesaidfilm/videos/564505348386437,ZmVlZGJhY2s6MTM0OTA4OTU5MjI3NTUzXzIxOTAyNDgyOTExNTU1NzU=,Y29tbWVudDoxMzQ5MDg5NTkyMjc1NTNfMjE5MDI0ODI5MTE1NTU3NQ==,0,"Carey Mulligan and Zoe Kazan star in #SheSaidMovie, only in theaters this November. Watch the trailer now.",pfbid0K2nvxEg65wTHroFPjkVJDwb3J9M5VpZHvs2fJbq8B6SYir1jwhQuLjnXCp6Feg2yl,Y29tbWVudDoxMzQ5MDg5NTkyMjc1NTNfNjc3MDQzOTQwNjUzNzYy,"James Maven-Hazelton you have a point,but this is for the ones that are victims.",2.0,
52,https://www.facebook.com/shesaidfilm/videos/564505348386437?comment_id=2215762978596212,,2022-11-19T23:34:13.000Z,134908959227553,https://www.facebook.com/shesaidfilm/videos/564505348386437,ZmVlZGJhY2s6MTM0OTA4OTU5MjI3NTUzXzIyMTU3NjI5Nzg1OTYyMTI=,Y29tbWVudDoxMzQ5MDg5NTkyMjc1NTNfMjIxNTc2Mjk3ODU5NjIxMg==,1,"Carey Mulligan and Zoe Kazan star in #SheSaidMovie, only in theaters this November. Watch the trailer now.",pfbid02y11jjp1HE1hPsvUmoTqi5CUyMC3iU1bga7cRCY6hqCVTZtf4M4GcFDKDY8wbTbMyl,Y29tbWVudDoxMzQ5MDg5NTkyMjc1NTNfNjc3MDQzOTQwNjUzNzYy,James Maven-Hazelton you don't seem to have seen the film or have paid attention to real life,2.0,
53,https://www.facebook.com/shesaidfilm/videos/564505348386437?comment_id=800302817695671,2.0,2022-11-10T15:42:49.000Z,134908959227553,https://www.facebook.com/shesaidfilm/videos/564505348386437,ZmVlZGJhY2s6MTM0OTA4OTU5MjI3NTUzXzgwMDMwMjgxNzY5NTY3MQ==,Y29tbWVudDoxMzQ5MDg5NTkyMjc1NTNfODAwMzAyODE3Njk1Njcx,1,"Carey Mulligan and Zoe Kazan star in #SheSaidMovie, only in theaters this November. Watch the trailer now.",pfbid02sQSY3Uw67UUEyZxroUzbXoqqo4y1LPv1L4Ypqrqpn9wS8RKoEHgnk7hcfDFz3xeol,Y29tbWVudDoxMzQ5MDg5NTkyMjc1NTNfNjc3MDQzOTQwNjUzNzYy,"Sherry Lynn Kunsak what about the actresses that willingly blew him to further their careers, they should be called out too as they're not victims.",1.0,
54,https://www.facebook.com/shesaidfilm/videos/564505348386437?comment_id=2696314653834996,,2022-11-27T22:08:06.000Z,134908959227553,https://www.facebook.com/shesaidfilm/videos/564505348386437,ZmVlZGJhY2s6MTM0OTA4OTU5MjI3NTUzXzI2OTYzMTQ2NTM4MzQ5OTY=,Y29tbWVudDoxMzQ5MDg5NTkyMjc1NTNfMjY5NjMxNDY1MzgzNDk5Ng==,0,"Carey Mulligan and Zoe Kazan star in #SheSaidMovie, only in theaters this November. Watch the trailer now.",pfbid0vG7ZE9mMt1xzRnSxXz7En1CvV7WCDMkoSN2zARSCxFYbPDVq9FHnup4QDEuNSzUpl,Y29tbWVudDoxMzQ5MDg5NTkyMjc1NTNfNDU3Nzk5MTU5ODA5NzY5,Arhur Joel Seligman,1.0,
55,https://www.facebook.com/shesaidfilm/videos/564505348386437?comment_id=429307819378133,,2022-11-23T17:04:19.000Z,134908959227553,https://www.facebook.com/shesaidfilm/videos/564505348386437,ZmVlZGJhY2s6MTM0OTA4OTU5MjI3NTUzXzQyOTMwNzgxOTM3ODEzMw==,Y29tbWVudDoxMzQ5MDg5NTkyMjc1NTNfNDI5MzA3ODE5Mzc4MTMz,0,"Carey Mulligan and Zoe Kazan star in #SheSaidMovie, only in theaters this November. Watch the trailer now.",pfbid024RDFY7H3aVdJBftutx49srHXjHhwtkMezSSXjURZnu9DmSjhu5ost7U3a8gppQUgl,Y29tbWVudDoxMzQ5MDg5NTkyMjc1NTNfODU4OTMyNzY4NDQ3NDQw,"Arhur Joel Seligman 

https://youtu.be/JIX6ellQMSQ",1.0,
56,https://www.facebook.com/shesaidfilm/videos/564505348386437?comment_id=1202885760308107,,2022-11-27T00:21:50.000Z,134908959227553,https://www.facebook.com/shesaidfilm/videos/564505348386437,ZmVlZGJhY2s6MTM0OTA4OTU5MjI3NTUzXzEyMDI4ODU3NjAzMDgxMDc=,Y29tbWVudDoxMzQ5MDg5NTkyMjc1NTNfMTIwMjg4NTc2MDMwODEwNw==,0,"Carey Mulligan and Zoe Kazan star in #SheSaidMovie, only in theaters this November. Watch the trailer now.",pfbid086cHa7HjCjpRMpP5eN4Wgjpm7mFTAwJGy4UX8DZseZ45QJT4n83N58Umv714BpmXl,Y29tbWVudDoxMzQ5MDg5NTkyMjc1NTNfMTA5NDc5NzkxNDU2NDY0Mg==,Linda Townsend and it was an the most Epic Cinematic FLOP in history...hahahaha.,1.0,
57,https://www.facebook.com/shesaidfilm/videos/564505348386437?comment_id=5946649878688324,,2022-11-26T06:32:37.000Z,134908959227553,https://www.facebook.com/shesaidfilm/videos/564505348386437,ZmVlZGJhY2s6MTM0OTA4OTU5MjI3NTUzXzU5NDY2NDk4Nzg2ODgzMjQ=,Y29tbWVudDoxMzQ5MDg5NTkyMjc1NTNfNTk0NjY0OTg3ODY4ODMyNA==,0,"Carey Mulligan and Zoe Kazan star in #SheSaidMovie, only in theaters this November. Watch the trailer now.",pfbid02oS1QKrSdFT56hv2FUTKgERnmD3rN9vLcLjTwTSbvx2BNUQ9kwqeF65HE6nC6kyCml,Y29tbWVudDoxMzQ5MDg5NTkyMjc1NTNfMTA5NDc5NzkxNDU2NDY0Mg==,Linda Townsend Brad Pitt defended Gweneth Paltrow against Harvey.,2.0,
58,https://www.facebook.com/shesaidfilm/videos/564505348386437?comment_id=430239832654801,1.0,2022-11-21T05:14:13.000Z,134908959227553,https://www.facebook.com/shesaidfilm/videos/564505348386437,ZmVlZGJhY2s6MTM0OTA4OTU5MjI3NTUzXzQzMDIzOTgzMjY1NDgwMQ==,Y29tbWVudDoxMzQ5MDg5NTkyMjc1NTNfNDMwMjM5ODMyNjU0ODAx,1,"Carey Mulligan and Zoe Kazan star in #SheSaidMovie, only in theaters this November. Watch the trailer now.",pfbid02X73ebHVjX6QU1JBuwpdUCCUpgZUJpBwc1vDN4tbgVTzS4pKogF1fxZ4t9UdZYLkVl,Y29tbWVudDoxMzQ5MDg5NTkyMjc1NTNfMTA5NDc5NzkxNDU2NDY0Mg==,Brad Pitt helped make this.,1.0,
59,https://www.facebook.com/shesaidfilm/videos/564505348386437?comment_id=1180398199354957,,2022-10-25T12:02:37.000Z,134908959227553,https://www.facebook.com/shesaidfilm/videos/564505348386437,ZmVlZGJhY2s6MTM0OTA4OTU5MjI3NTUzXzExODAzOTgxOTkzNTQ5NTc=,Y29tbWVudDoxMzQ5MDg5NTkyMjc1NTNfMTE4MDM5ODE5OTM1NDk1Nw==,0,"Carey Mulligan and Zoe Kazan star in #SheSaidMovie, only in theaters this November. Watch the trailer now.",100000844028436,Y29tbWVudDoxMzQ5MDg5NTkyMjc1NTNfNjYzNDM5MTc4NTA3NTc2,Isa Esparza yes vamosüòÅ,1.0,
60,https://www.facebook.com/shesaidfilm/videos/564505348386437?comment_id=540908581193677,,2022-10-25T11:53:03.000Z,134908959227553,https://www.facebook.com/shesaidfilm/videos/564505348386437,ZmVlZGJhY2s6MTM0OTA4OTU5MjI3NTUzXzU0MDkwODU4MTE5MzY3Nw==,Y29tbWVudDoxMzQ5MDg5NTkyMjc1NTNfNTQwOTA4NTgxMTkzNjc3,0,"Carey Mulligan and Zoe Kazan star in #SheSaidMovie, only in theaters this November. Watch the trailer now.",pfbid02dPGAFBY7dfhJZwEyxLmTjiV73aT8Bc42P3ftnLgx6FgzZ9vYJt9ecdiUHqpfMHgbl,Y29tbWVudDoxMzQ5MDg5NTkyMjc1NTNfMTMwMDAyNjEzMDc2NzczNA==,Mary Jo Troup wordü§¢,2.0,
61,https://www.facebook.com/shesaidfilm/videos/564505348386437?comment_id=1051361605544187,1.0,2022-10-25T11:41:22.000Z,134908959227553,https://www.facebook.com/shesaidfilm/videos/564505348386437,ZmVlZGJhY2s6MTM0OTA4OTU5MjI3NTUzXzEwNTEzNjE2MDU1NDQxODc=,Y29tbWVudDoxMzQ5MDg5NTkyMjc1NTNfMTA1MTM2MTYwNTU0NDE4Nw==,0,"Carey Mulligan and Zoe Kazan star in #SheSaidMovie, only in theaters this November. Watch the trailer now.",pfbid02oKg286fhQViKdL1L6JnWdRRLTJm6646tKvUrBLyDTBaBAnhMZKocwiRXQ1FWf8x6l,Y29tbWVudDoxMzQ5MDg5NTkyMjc1NTNfMTMwMDAyNjEzMDc2NzczNA==,Amber Roni Velez he is a sick f,1.0,
62,https://www.facebook.com/shesaidfilm/videos/564505348386437?comment_id=832814934711180,,2022-11-23T22:08:55.000Z,134908959227553,https://www.facebook.com/shesaidfilm/videos/564505348386437,ZmVlZGJhY2s6MTM0OTA4OTU5MjI3NTUzXzgzMjgxNDkzNDcxMTE4MA==,Y29tbWVudDoxMzQ5MDg5NTkyMjc1NTNfODMyODE0OTM0NzExMTgw,1,"Carey Mulligan and Zoe Kazan star in #SheSaidMovie, only in theaters this November. Watch the trailer now.",pfbid0J5eAdtXuFwwEUhDPq3DcS4yT32S7Jn8pDfjnpaGnpmcMAV1gpFSP7HPf8qX3uxCyl,Y29tbWVudDoxMzQ5MDg5NTkyMjc1NTNfNjY2OTU0NzcxNTYzMTE2,Karen Chenoweth yes I‚Äôll look when it‚Äôs out x,2.0,
63,https://www.facebook.com/shesaidfilm/videos/564505348386437?comment_id=878418409833977,1.0,2022-11-23T22:08:37.000Z,134908959227553,https://www.facebook.com/shesaidfilm/videos/564505348386437,ZmVlZGJhY2s6MTM0OTA4OTU5MjI3NTUzXzg3ODQxODQwOTgzMzk3Nw==,Y29tbWVudDoxMzQ5MDg5NTkyMjc1NTNfODc4NDE4NDA5ODMzOTc3,0,"Carey Mulligan and Zoe Kazan star in #SheSaidMovie, only in theaters this November. Watch the trailer now.",pfbid02XYAWdu5u3cXUMS89cjk8ezV1vs1z3fut19vKPzdiTFDN79cMaNKA5iDCb7jeCuXfl,Y29tbWVudDoxMzQ5MDg5NTkyMjc1NTNfNjY2OTU0NzcxNTYzMTE2,And me . Shall we go xx,1.0,
64,https://www.facebook.com/shesaidfilm/videos/564505348386437?comment_id=2879659835662266,,2022-11-23T22:07:39.000Z,134908959227553,https://www.facebook.com/shesaidfilm/videos/564505348386437,ZmVlZGJhY2s6MTM0OTA4OTU5MjI3NTUzXzI4Nzk2NTk4MzU2NjIyNjY=,Y29tbWVudDoxMzQ5MDg5NTkyMjc1NTNfMjg3OTY1OTgzNTY2MjI2Ng==,0,"Carey Mulligan and Zoe Kazan star in #SheSaidMovie, only in theaters this November. Watch the trailer now.",pfbid0J5eAdtXuFwwEUhDPq3DcS4yT32S7Jn8pDfjnpaGnpmcMAV1gpFSP7HPf8qX3uxCyl,Y29tbWVudDoxMzQ5MDg5NTkyMjc1NTNfNjY2OTU0NzcxNTYzMTE2,Karen Chenoweth I want to watch this !!,1.0,
65,https://www.facebook.com/shesaidfilm/videos/564505348386437?comment_id=1558013297996607,,2022-11-27T22:10:10.000Z,134908959227553,https://www.facebook.com/shesaidfilm/videos/564505348386437,ZmVlZGJhY2s6MTM0OTA4OTU5MjI3NTUzXzE1NTgwMTMyOTc5OTY2MDc=,Y29tbWVudDoxMzQ5MDg5NTkyMjc1NTNfMTU1ODAxMzI5Nzk5NjYwNw==,0,"Carey Mulligan and Zoe Kazan star in #SheSaidMovie, only in theaters this November. Watch the trailer now.",pfbid0vG7ZE9mMt1xzRnSxXz7En1CvV7WCDMkoSN2zARSCxFYbPDVq9FHnup4QDEuNSzUpl,Y29tbWVudDoxMzQ5MDg5NTkyMjc1NTNfMTI4OTYyMzg2NTE3MjA1Ng==,"Chris Cullen 
Its good to see Hollywood expose its ownself as a bad entity at times,no pun intended",1.0,
66,https://www.facebook.com/shesaidfilm/videos/564505348386437?comment_id=1133019750920808,,2022-11-23T17:04:36.000Z,134908959227553,https://www.facebook.com/shesaidfilm/videos/564505348386437,ZmVlZGJhY2s6MTM0OTA4OTU5MjI3NTUzXzExMzMwMTk3NTA5MjA4MDg=,Y29tbWVudDoxMzQ5MDg5NTkyMjc1NTNfMTEzMzAxOTc1MDkyMDgwOA==,0,"Carey Mulligan and Zoe Kazan star in #SheSaidMovie, only in theaters this November. Watch the trailer now.",pfbid024RDFY7H3aVdJBftutx49srHXjHhwtkMezSSXjURZnu9DmSjhu5ost7U3a8gppQUgl,Y29tbWVudDoxMzQ5MDg5NTkyMjc1NTNfMTI4OTYyMzg2NTE3MjA1Ng==,"Chris Cullen 

https://youtu.be/JIX6ellQMSQ",1.0,
67,https://www.facebook.com/shesaidfilm/videos/564505348386437?comment_id=2070123473376002,,2022-11-27T22:11:29.000Z,134908959227553,https://www.facebook.com/shesaidfilm/videos/564505348386437,ZmVlZGJhY2s6MTM0OTA4OTU5MjI3NTUzXzIwNzAxMjM0NzMzNzYwMDI=,Y29tbWVudDoxMzQ5MDg5NTkyMjc1NTNfMjA3MDEyMzQ3MzM3NjAwMg==,0,"Carey Mulligan and Zoe Kazan star in #SheSaidMovie, only in theaters this November. Watch the trailer now.",pfbid0vG7ZE9mMt1xzRnSxXz7En1CvV7WCDMkoSN2zARSCxFYbPDVq9FHnup4QDEuNSzUpl,Y29tbWVudDoxMzQ5MDg5NTkyMjc1NTNfNTUxNTQwNTk5OTcwMTc0,"Munmun Hossain
Exposin?
Pun on words?",1.0,
68,https://www.facebook.com/shesaidfilm/videos/564505348386437?comment_id=829434118323360,,2022-11-27T00:21:16.000Z,134908959227553,https://www.facebook.com/shesaidfilm/videos/564505348386437,ZmVlZGJhY2s6MTM0OTA4OTU5MjI3NTUzXzgyOTQzNDExODMyMzM2MA==,Y29tbWVudDoxMzQ5MDg5NTkyMjc1NTNfODI5NDM0MTE4MzIzMzYw,0,"Carey Mulligan and Zoe Kazan star in #SheSaidMovie, only in theaters this November. Watch the trailer now.",pfbid086cHa7HjCjpRMpP5eN4Wgjpm7mFTAwJGy4UX8DZseZ45QJT4n83N58Umv714BpmXl,Y29tbWVudDoxMzQ5MDg5NTkyMjc1NTNfNDYwNTc4NTk2MDk4ODM5,Sha Ene you should shut in and never leave your house again.,1.0,
69,https://www.facebook.com/shesaidfilm/videos/564505348386437?comment_id=668781044850043,,2022-11-23T17:05:27.000Z,134908959227553,https://www.facebook.com/shesaidfilm/videos/564505348386437,ZmVlZGJhY2s6MTM0OTA4OTU5MjI3NTUzXzY2ODc4MTA0NDg1MDA0Mw==,Y29tbWVudDoxMzQ5MDg5NTkyMjc1NTNfNjY4NzgxMDQ0ODUwMDQz,0,"Carey Mulligan and Zoe Kazan star in #SheSaidMovie, only in theaters this November. Watch the trailer now.",pfbid024RDFY7H3aVdJBftutx49srHXjHhwtkMezSSXjURZnu9DmSjhu5ost7U3a8gppQUgl,Y29tbWVudDoxMzQ5MDg5NTkyMjc1NTNfMTMxMzEyNDQ0NTg5NTc1MQ==,"Autumn Elledge 

https://youtu.be/JIX6ellQMSQ",1.0,
70,https://www.facebook.com/shesaidfilm/videos/564505348386437?comment_id=673988254098332,,2022-11-23T17:05:16.000Z,134908959227553,https://www.facebook.com/shesaidfilm/videos/564505348386437,ZmVlZGJhY2s6MTM0OTA4OTU5MjI3NTUzXzY3Mzk4ODI1NDA5ODMzMg==,Y29tbWVudDoxMzQ5MDg5NTkyMjc1NTNfNjczOTg4MjU0MDk4MzMy,0,"Carey Mulligan and Zoe Kazan star in #SheSaidMovie, only in theaters this November. Watch the trailer now.",pfbid024RDFY7H3aVdJBftutx49srHXjHhwtkMezSSXjURZnu9DmSjhu5ost7U3a8gppQUgl,Y29tbWVudDoxMzQ5MDg5NTkyMjc1NTNfMTMxMzEyNDQ0NTg5NTc1MQ==,Autumn Elledge,1.0,
71,https://www.facebook.com/shesaidfilm/videos/564505348386437?comment_id=769651577404333,,2022-07-16T14:09:43.000Z,134908959227553,https://www.facebook.com/shesaidfilm/videos/564505348386437,ZmVlZGJhY2s6MTM0OTA4OTU5MjI3NTUzXzc2OTY1MTU3NzQwNDMzMw==,Y29tbWVudDoxMzQ5MDg5NTkyMjc1NTNfNzY5NjUxNTc3NDA0MzMz,0,"Carey Mulligan and Zoe Kazan star in #SheSaidMovie, only in theaters this November. Watch the trailer now.",pfbid02JBeTnaWF3nFYvafTKyNhPRpQtcfCmjQEhAXHAyApXzH9h13qU4KaFMPfEUeKYXYil,Y29tbWVudDoxMzQ5MDg5NTkyMjc1NTNfODE0NDgwMzIzMjkyMTY1,Lisa Killelea Tobin yes!!,1.0,
