,cid,createTime,date,diggCount,replyCommentTotal,submittedVideoUrl,text,videoWebUrl,user_screen_name
0,7.16594827190277e+18,1668452372,2022-11-14T18:59:32.000Z,1855,14.0,https://www.tiktok.com/@universalpicturesuk/video/7164319787726687494,The juxtaposition of Hollywood releasing a film about SA in Hollywood is quite astounding,https://www.tiktok.com/@universalpicturesuk/video/7164319787726687494,
1,7.165859248621798e+18,1668431651,2022-11-14T13:14:11.000Z,2057,17.0,https://www.tiktok.com/@universalpicturesuk/video/7164319787726687494,Raymond holt?,https://www.tiktok.com/@universalpicturesuk/video/7164319787726687494,
2,7.166274083247703e+18,1668528232,2022-11-15T16:03:52.000Z,478,0.0,https://www.tiktok.com/@universalpicturesuk/video/7164319787726687494,"New Hollywood would find some way of profiting for his abuse, Hollywood kept it secret and now they‚Äôre making money from it laughing at us",https://www.tiktok.com/@universalpicturesuk/video/7164319787726687494,
3,7.166202492869903e+18,1668511569,2022-11-15T11:26:09.000Z,386,0.0,https://www.tiktok.com/@universalpicturesuk/video/7164319787726687494,It‚Äôs like Hollywood makes it‚Äôs own work how dystopian,https://www.tiktok.com/@universalpicturesuk/video/7164319787726687494,
4,7.166218879504696e+18,1668515385,2022-11-15T12:29:45.000Z,141,8.0,https://www.tiktok.com/@universalpicturesuk/video/7164319787726687494,ironic that brad pitt would be producing this or that hollywood would even make this,https://www.tiktok.com/@universalpicturesuk/video/7164319787726687494,
5,7.166302041165825e+18,1668534743,2022-11-15T17:52:23.000Z,36,0.0,https://www.tiktok.com/@universalpicturesuk/video/7164319787726687494,Hollywood making a movie about the horrors of Hollywood,https://www.tiktok.com/@universalpicturesuk/video/7164319787726687494,
6,7.167395049854993e+18,1668789218,2022-11-18T16:33:38.000Z,3,0.0,https://www.tiktok.com/@universalpicturesuk/video/7164319787726687494,Lol Brad Pitt as a producer on this tho,https://www.tiktok.com/@universalpicturesuk/video/7164319787726687494,
7,7.166021898874635e+18,1668469529,2022-11-14T23:45:29.000Z,67,1.0,https://www.tiktok.com/@universalpicturesuk/video/7164319787726687494,Not captain holt,https://www.tiktok.com/@universalpicturesuk/video/7164319787726687494,
8,7.166654790285329e+18,1668616872,2022-11-16T16:41:12.000Z,13,0.0,https://www.tiktok.com/@universalpicturesuk/video/7164319787726687494,RAYMOND,https://www.tiktok.com/@universalpicturesuk/video/7164319787726687494,
9,7.167010861721306e+18,1668699768,2022-11-17T15:42:48.000Z,7,0.0,https://www.tiktok.com/@universalpicturesuk/video/7164319787726687494,CAPTAIN HOLT?!,https://www.tiktok.com/@universalpicturesuk/video/7164319787726687494,
10,7.16592640085464e+18,1668447274,2022-11-14T17:34:34.000Z,13,0.0,https://www.tiktok.com/@universalpicturesuk/video/7164319787726687494,Captain holt???,https://www.tiktok.com/@universalpicturesuk/video/7164319787726687494,
11,7.166402487523575e+18,1668558135,2022-11-16T00:22:15.000Z,5,0.0,https://www.tiktok.com/@universalpicturesuk/video/7164319787726687494,All of these actresses knew what he was up to and said nothing hmmm‚Ä¶ ü§îü§îü§î,https://www.tiktok.com/@universalpicturesuk/video/7164319787726687494,
12,7.165936067753297e+18,1668449530,2022-11-14T18:12:10.000Z,12,3.0,https://www.tiktok.com/@universalpicturesuk/video/7164319787726687494,"I hope Oprah will be in it, she was great friends with him üòè",https://www.tiktok.com/@universalpicturesuk/video/7164319787726687494,
13,7.165905232026666e+18,1668442348,2022-11-14T16:12:28.000Z,8,3.0,https://www.tiktok.com/@universalpicturesuk/video/7164319787726687494,"it's not that deep, it's bad but like fod damn",https://www.tiktok.com/@universalpicturesuk/video/7164319787726687494,
14,7.165932336080995e+18,1668448662,2022-11-14T17:57:42.000Z,8,0.0,https://www.tiktok.com/@universalpicturesuk/video/7164319787726687494,Y‚Äôall really need a movie for the they running out of ideas üòÇ,https://www.tiktok.com/@universalpicturesuk/video/7164319787726687494,
15,7.165954321900799e+18,1668453776,2022-11-14T19:22:56.000Z,9,0.0,https://www.tiktok.com/@universalpicturesuk/video/7164319787726687494,zoe kazan my LOVE,https://www.tiktok.com/@universalpicturesuk/video/7164319787726687494,
16,7.165906290711234e+18,1668442596,2022-11-14T16:16:36.000Z,6,0.0,https://www.tiktok.com/@universalpicturesuk/video/7164319787726687494,@olivia.bax can we watch,https://www.tiktok.com/@universalpicturesuk/video/7164319787726687494,
17,7.165880257047594e+18,1668436540,2022-11-14T14:35:40.000Z,4,1.0,https://www.tiktok.com/@universalpicturesuk/video/7164319787726687494,@Tjprice1 can we see this???,https://www.tiktok.com/@universalpicturesuk/video/7164319787726687494,
18,7.165962182114575e+18,1668455611,2022-11-14T19:53:31.000Z,139,,https://www.tiktok.com/@universalpicturesuk/video/7164319787726687494,Do you mean irony?,https://www.tiktok.com/@universalpicturesuk/video/7164319787726687494,
19,7.165982973073638e+18,1668460446,2022-11-14T21:14:06.000Z,41,,https://www.tiktok.com/@universalpicturesuk/video/7164319787726687494,Probably yeah,https://www.tiktok.com/@universalpicturesuk/video/7164319787726687494,
20,7.166383797235123e+18,1668553781,2022-11-15T23:09:41.000Z,3,,https://www.tiktok.com/@universalpicturesuk/video/7164319787726687494,Tea,https://www.tiktok.com/@universalpicturesuk/video/7164319787726687494,
21,7.170456023764157e+18,1669501911,2022-11-26T22:31:51.000Z,1,,https://www.tiktok.com/@universalpicturesuk/video/7164319787726687494,@Lily<3 this comment^^,https://www.tiktok.com/@universalpicturesuk/video/7164319787726687494,
22,7.166647952855795e+18,1668615268,2022-11-16T16:14:28.000Z,0,,https://www.tiktok.com/@universalpicturesuk/video/7164319787726687494,@indushill,https://www.tiktok.com/@universalpicturesuk/video/7164319787726687494,
23,7.1666478372362e+18,1668615247,2022-11-16T16:14:07.000Z,0,,https://www.tiktok.com/@universalpicturesuk/video/7164319787726687494,@luc1afaye,https://www.tiktok.com/@universalpicturesuk/video/7164319787726687494,
24,7.16604471686013e+18,1668474826,2022-11-15T01:13:46.000Z,0,,https://www.tiktok.com/@universalpicturesuk/video/7164319787726687494,@Zay,https://www.tiktok.com/@universalpicturesuk/video/7164319787726687494,
25,7.219749713989338e+18,1680978991,2023-04-08T18:36:31.000Z,0,,https://www.tiktok.com/@universalpicturesuk/video/7164319787726687494,That‚Äôs not how you use the word juxtaposition at all,https://www.tiktok.com/@universalpicturesuk/video/7164319787726687494,
26,7.219825674877027e+18,1680996676,2023-04-08T23:31:16.000Z,0,,https://www.tiktok.com/@universalpicturesuk/video/7164319787726687494,Okay pg!,https://www.tiktok.com/@universalpicturesuk/video/7164319787726687494,
27,7.166018433489536e+18,1668468719,2022-11-14T23:31:59.000Z,4,,https://www.tiktok.com/@universalpicturesuk/video/7164319787726687494,Literally anything can be profitable. ‚ÄòMurica.,https://www.tiktok.com/@universalpicturesuk/video/7164319787726687494,
28,7.166416313676957e+18,1668561353,2022-11-16T01:15:53.000Z,3,,https://www.tiktok.com/@universalpicturesuk/video/7164319787726687494,honestly it‚Äôs so weird,https://www.tiktok.com/@universalpicturesuk/video/7164319787726687494,
29,7.16701203854749e+18,1668700050,2022-11-17T15:47:30.000Z,1,,https://www.tiktok.com/@universalpicturesuk/video/7164319787726687494,"Well yeah, Hollywood isn‚Äôt a hive mind. You can probably actually assume everyone involved with this movie didn‚Äôt work with Harvey",https://www.tiktok.com/@universalpicturesuk/video/7164319787726687494,
30,7.166985552549119e+18,1668693885,2022-11-17T14:04:45.000Z,1,,https://www.tiktok.com/@universalpicturesuk/video/7164319787726687494,@nmagbetha @Folacosplays @London Esthetician @sharifa_safiya,https://www.tiktok.com/@universalpicturesuk/video/7164319787726687494,
31,7.16708038983105e+18,1668715957,2022-11-17T20:12:37.000Z,0,,https://www.tiktok.com/@universalpicturesuk/video/7164319787726687494,Not really‚Ä¶. They set the narrative and make it isolated and not institutional‚Ä¶. Let‚Äôs not forget child abuse cases as well,https://www.tiktok.com/@universalpicturesuk/video/7164319787726687494,
32,7.165904534080914e+18,1668442177,2022-11-14T16:09:37.000Z,14,,https://www.tiktok.com/@universalpicturesuk/video/7164319787726687494,i was thinking the same thing broüòÇ,https://www.tiktok.com/@universalpicturesuk/video/7164319787726687494,
33,7.167032037168825e+18,1668704703,2022-11-17T17:05:03.000Z,6,,https://www.tiktok.com/@universalpicturesuk/video/7164319787726687494,BONEEEEE??,https://www.tiktok.com/@universalpicturesuk/video/7164319787726687494,
34,7.166280391878411e+18,1668529713,2022-11-15T16:28:33.000Z,3,,https://www.tiktok.com/@universalpicturesuk/video/7164319787726687494,@shona,https://www.tiktok.com/@universalpicturesuk/video/7164319787726687494,
35,7.168377825807943e+18,1669018082,2022-11-21T08:08:02.000Z,1,,https://www.tiktok.com/@universalpicturesuk/video/7164319787726687494,@Grac,https://www.tiktok.com/@universalpicturesuk/video/7164319787726687494,
36,7.166382259745293e+18,1668553420,2022-11-15T23:03:40.000Z,1,,https://www.tiktok.com/@universalpicturesuk/video/7164319787726687494,@Aimee,https://www.tiktok.com/@universalpicturesuk/video/7164319787726687494,
37,7.167787531731584e+18,1668880610,2022-11-19T17:56:50.000Z,0,,https://www.tiktok.com/@universalpicturesuk/video/7164319787726687494,@Mark Boyle !!!!,https://www.tiktok.com/@universalpicturesuk/video/7164319787726687494,
38,7.166783789900006e+18,1668646909,2022-11-17T01:01:49.000Z,0,,https://www.tiktok.com/@universalpicturesuk/video/7164319787726687494,Would watch it purely to see this legend,https://www.tiktok.com/@universalpicturesuk/video/7164319787726687494,
39,7.166522120045938e+18,1668586008,2022-11-16T08:06:48.000Z,0,,https://www.tiktok.com/@universalpicturesuk/video/7164319787726687494,@olliedishart,https://www.tiktok.com/@universalpicturesuk/video/7164319787726687494,
40,7.166589254678726e+18,1668601610,2022-11-16T12:26:50.000Z,0,,https://www.tiktok.com/@universalpicturesuk/video/7164319787726687494,Icon,https://www.tiktok.com/@universalpicturesuk/video/7164319787726687494,
41,7.166341651229083e+18,1668543964,2022-11-15T20:26:04.000Z,0,,https://www.tiktok.com/@universalpicturesuk/video/7164319787726687494,@üßø,https://www.tiktok.com/@universalpicturesuk/video/7164319787726687494,
42,7.166357284196337e+18,1668547602,2022-11-15T21:26:42.000Z,0,,https://www.tiktok.com/@universalpicturesuk/video/7164319787726687494,omg,https://www.tiktok.com/@universalpicturesuk/video/7164319787726687494,
43,7.166353097790424e+18,1668546624,2022-11-15T21:10:24.000Z,0,,https://www.tiktok.com/@universalpicturesuk/video/7164319787726687494,99,https://www.tiktok.com/@universalpicturesuk/video/7164319787726687494,
44,7.166321557240972e+18,1668539281,2022-11-15T19:08:01.000Z,0,,https://www.tiktok.com/@universalpicturesuk/video/7164319787726687494,*Captain,https://www.tiktok.com/@universalpicturesuk/video/7164319787726687494,
45,7.166255421513532e+18,1668523881,2022-11-15T14:51:21.000Z,0,,https://www.tiktok.com/@universalpicturesuk/video/7164319787726687494,@Liam Yates,https://www.tiktok.com/@universalpicturesuk/video/7164319787726687494,
46,7.166150414022133e+18,1668499462,2022-11-15T08:04:22.000Z,0,,https://www.tiktok.com/@universalpicturesuk/video/7164319787726687494,@üíû,https://www.tiktok.com/@universalpicturesuk/video/7164319787726687494,
47,7.166679263445173e+18,1668622567,2022-11-16T18:16:07.000Z,1,,https://www.tiktok.com/@universalpicturesuk/video/7164319787726687494,@romanian gypsy ‚Ä¢ Following,https://www.tiktok.com/@universalpicturesuk/video/7164319787726687494,
48,7.166693010796561e+18,1668625764,2022-11-16T19:09:24.000Z,0,,https://www.tiktok.com/@universalpicturesuk/video/7164319787726687494,I saw this is the theatres with one of my friends and immediately said raymond out loud,https://www.tiktok.com/@universalpicturesuk/video/7164319787726687494,
49,7.166365486719649e+18,1668549511,2022-11-15T21:58:31.000Z,17,,https://www.tiktok.com/@universalpicturesuk/video/7164319787726687494,So disgusting he‚Äôs even a part of this. Profiting off these womens stories when he knowingly turned a blind eye to 2 of his ex‚Äôs being abused by HW.,https://www.tiktok.com/@universalpicturesuk/video/7164319787726687494,
50,7.167037592340153e+18,1668705997,2022-11-17T17:26:37.000Z,1,,https://www.tiktok.com/@universalpicturesuk/video/7164319787726687494,He didn‚Äôt turn a blind eye what was he meant to do,https://www.tiktok.com/@universalpicturesuk/video/7164319787726687494,
51,7.167070882807645e+18,1668713746,2022-11-17T19:35:46.000Z,0,,https://www.tiktok.com/@universalpicturesuk/video/7164319787726687494,Errr not seek out work with the man who his fianc√© at the time said had SA‚Äôd her?,https://www.tiktok.com/@universalpicturesuk/video/7164319787726687494,
52,7.167147176106509e+18,1668731519,2022-11-18T00:31:59.000Z,0,,https://www.tiktok.com/@universalpicturesuk/video/7164319787726687494,Him saying something would have changed nothing the amount of actors and actresses that knew what was happening but did nothing is massive,https://www.tiktok.com/@universalpicturesuk/video/7164319787726687494,
53,7.167276850287232e+18,1668761721,2022-11-18T08:55:21.000Z,0,,https://www.tiktok.com/@universalpicturesuk/video/7164319787726687494,No maybe him speaking out wouldn‚Äôt have changed anything. But showing solidarity in private with his partners experiences Vs actively seeking work,https://www.tiktok.com/@universalpicturesuk/video/7164319787726687494,
54,7.167277010966971e+18,1668761751,2022-11-18T08:55:51.000Z,0,,https://www.tiktok.com/@universalpicturesuk/video/7164319787726687494,With HW after knowing what he did to two of his partners .. to years later profit off a movie based on the experiences of these women / partners he,https://www.tiktok.com/@universalpicturesuk/video/7164319787726687494,
55,7.167488567177971e+18,1668811003,2022-11-18T22:36:43.000Z,0,,https://www.tiktok.com/@universalpicturesuk/video/7164319787726687494,You know the women in the movie are profiting tooüòÇüòÇ,https://www.tiktok.com/@universalpicturesuk/video/7164319787726687494,
56,7.166346624847939e+18,1668545112,2022-11-15T20:45:12.000Z,6,,https://www.tiktok.com/@universalpicturesuk/video/7164319787726687494,"‚ÄúWhy would I make a film about it if I was his close friend?!‚Äù üòí so calculated, it‚Äôs disgusting really. Make millions & ‚Äúclear their name‚Äù. 2 birds‚Ä¶",https://www.tiktok.com/@universalpicturesuk/video/7164319787726687494,
57,7.16604463510923e+18,1668474814,2022-11-15T01:13:34.000Z,1,,https://www.tiktok.com/@universalpicturesuk/video/7164319787726687494,Ariana I was just about to comment this üòÇüòÇüòÇ,https://www.tiktok.com/@universalpicturesuk/video/7164319787726687494,
58,7.165982545128785e+18,1668460349,2022-11-14T21:12:29.000Z,2,,https://www.tiktok.com/@universalpicturesuk/video/7164319787726687494,I doubt any of the women who were complicit will be in the movie,https://www.tiktok.com/@universalpicturesuk/video/7164319787726687494,
59,7.166002695148307e+18,1668465047,2022-11-14T22:30:47.000Z,0,,https://www.tiktok.com/@universalpicturesuk/video/7164319787726687494,100% not...,https://www.tiktok.com/@universalpicturesuk/video/7164319787726687494,
60,7.16667374332163e+18,1668621284,2022-11-16T17:54:44.000Z,0,,https://www.tiktok.com/@universalpicturesuk/video/7164319787726687494,"Oprah needs investigating too, something has to be going on there",https://www.tiktok.com/@universalpicturesuk/video/7164319787726687494,
61,7.165908994275558e+18,1668443219,2022-11-14T16:26:59.000Z,44,,https://www.tiktok.com/@universalpicturesuk/video/7164319787726687494,??? what‚Äôs not that deep,https://www.tiktok.com/@universalpicturesuk/video/7164319787726687494,
62,7.165934066583274e+18,1668449063,2022-11-14T18:04:23.000Z,16,,https://www.tiktok.com/@universalpicturesuk/video/7164319787726687494,how is it..not that deep,https://www.tiktok.com/@universalpicturesuk/video/7164319787726687494,
63,7.165962581331723e+18,1668455693,2022-11-14T19:54:53.000Z,14,,https://www.tiktok.com/@universalpicturesuk/video/7164319787726687494,please explain how SA and rape at the hands of a very powerful man isn't that deep...,https://www.tiktok.com/@universalpicturesuk/video/7164319787726687494,
64,7.166017767786235e+18,1668468558,2022-11-14T23:29:18.000Z,1,,https://www.tiktok.com/@universalpicturesuk/video/7164319787726687494,Yes!,https://www.tiktok.com/@universalpicturesuk/video/7164319787726687494,
65,7.167858772165281e+18,1668897200,2022-11-19T22:33:20.000Z,1,0.0,https://www.tiktok.com/@universalpicturesuk/video/7164319787726687494,captain holt?!,https://www.tiktok.com/@universalpicturesuk/video/7164319787726687494,
66,7.167436835340191e+18,1668798942,2022-11-18T19:15:42.000Z,1,0.0,https://www.tiktok.com/@universalpicturesuk/video/7164319787726687494,Absolutely not thank you very much,https://www.tiktok.com/@universalpicturesuk/video/7164319787726687494,
67,7.167917828593698e+18,1668910958,2022-11-20T02:22:38.000Z,1,0.0,https://www.tiktok.com/@universalpicturesuk/video/7164319787726687494,"Her - 'I wanna be famous ...'
Harv - 'down you go girl ...'
Her - 'OK but I don't normally do this *nom nom slurp*",https://www.tiktok.com/@universalpicturesuk/video/7164319787726687494,
68,7.166988818088084e+18,1668694650,2022-11-17T14:17:30.000Z,1,0.0,https://www.tiktok.com/@universalpicturesuk/video/7164319787726687494,McCree was goated,https://www.tiktok.com/@universalpicturesuk/video/7164319787726687494,
69,7.167670910550935e+18,1668853460,2022-11-19T10:24:20.000Z,1,1.0,https://www.tiktok.com/@universalpicturesuk/video/7164319787726687494,@joe8622 this looks good,https://www.tiktok.com/@universalpicturesuk/video/7164319787726687494,
70,7.1663928850201e+18,1668555890,2022-11-15T23:44:50.000Z,1,0.0,https://www.tiktok.com/@universalpicturesuk/video/7164319787726687494,CAPTAIN DAD?!,https://www.tiktok.com/@universalpicturesuk/video/7164319787726687494,
71,7.166677367011968e+18,1668622128,2022-11-16T18:08:48.000Z,2,0.0,https://www.tiktok.com/@universalpicturesuk/video/7164319787726687494,AHHHHH ZOE KAZAN üòçüò©,https://www.tiktok.com/@universalpicturesuk/video/7164319787726687494,
72,7.167045543390594e+18,1668707853,2022-11-17T17:57:33.000Z,1,0.0,https://www.tiktok.com/@universalpicturesuk/video/7164319787726687494,@Ollie Weatherburn i‚Äôd like to see ghus,https://www.tiktok.com/@universalpicturesuk/video/7164319787726687494,
73,7.167463938979317e+18,1668805258,2022-11-18T21:00:58.000Z,1,0.0,https://www.tiktok.com/@universalpicturesuk/video/7164319787726687494,They all supported him,https://www.tiktok.com/@universalpicturesuk/video/7164319787726687494,
74,7.166380396745442e+18,1668552995,2022-11-15T22:56:35.000Z,3,1.0,https://www.tiktok.com/@universalpicturesuk/video/7164319787726687494,@mr_finley00 RAY RAY,https://www.tiktok.com/@universalpicturesuk/video/7164319787726687494,
75,7.166636723567707e+18,1668612659,2022-11-16T15:30:59.000Z,3,5.0,https://www.tiktok.com/@universalpicturesuk/video/7164319787726687494,BRILLIANT! Need to see this. Power to women and power to the people. We will uncover everything üí™üèªüí™üèºüí™üèΩüí™üèæüí™üèøü¶æ,https://www.tiktok.com/@universalpicturesuk/video/7164319787726687494,
76,7.166361243342439e+18,1668548525,2022-11-15T21:42:05.000Z,2,1.0,https://www.tiktok.com/@universalpicturesuk/video/7164319787726687494,@jaz ITS RAYMOND HOLT,https://www.tiktok.com/@universalpicturesuk/video/7164319787726687494,
77,7.166371943041615e+18,1668551021,2022-11-15T22:23:41.000Z,3,0.0,https://www.tiktok.com/@universalpicturesuk/video/7164319787726687494,alpha from twd popping up everywhere,https://www.tiktok.com/@universalpicturesuk/video/7164319787726687494,
78,7.167009414435948e+18,1668699444,2022-11-17T15:37:24.000Z,1,1.0,https://www.tiktok.com/@universalpicturesuk/video/7164319787726687494,@gracie wanna watch this,https://www.tiktok.com/@universalpicturesuk/video/7164319787726687494,
79,7.166270937082512e+18,1668527491,2022-11-15T15:51:31.000Z,3,2.0,https://www.tiktok.com/@universalpicturesuk/video/7164319787726687494,@lay <3 @alicejtt we should watch this for crim,https://www.tiktok.com/@universalpicturesuk/video/7164319787726687494,
80,7.166303844425631e+18,1668535150,2022-11-15T17:59:10.000Z,1,0.0,https://www.tiktok.com/@universalpicturesuk/video/7164319787726687494,zoe looking fine fr,https://www.tiktok.com/@universalpicturesuk/video/7164319787726687494,
81,7.166166867165201e+18,1668503302,2022-11-15T09:08:22.000Z,1,0.0,https://www.tiktok.com/@universalpicturesuk/video/7164319787726687494,@noushie @Alishba Ahmed208 I WANNA WATCH,https://www.tiktok.com/@universalpicturesuk/video/7164319787726687494,
82,7.166281418368173e+18,1668529940,2022-11-15T16:32:20.000Z,1,1.0,https://www.tiktok.com/@universalpicturesuk/video/7164319787726687494,@lily_croydon66 we should see this,https://www.tiktok.com/@universalpicturesuk/video/7164319787726687494,
83,7.165986854838863e+18,1668461352,2022-11-14T21:29:12.000Z,1,0.0,https://www.tiktok.com/@universalpicturesuk/video/7164319787726687494,Alpha üëÅüëÑüëÅ,https://www.tiktok.com/@universalpicturesuk/video/7164319787726687494,
84,7.17001638086312e+18,1669399551,2022-11-25T18:05:51.000Z,1,,https://www.tiktok.com/@universalpicturesuk/video/7164319787726687494,looking forward to this...going? x,https://www.tiktok.com/@universalpicturesuk/video/7164319787726687494,
85,7.166380772047242e+18,1668553079,2022-11-15T22:57:59.000Z,3,,https://www.tiktok.com/@universalpicturesuk/video/7164319787726687494,my king üè≥Ô∏è‚Äçüåà,https://www.tiktok.com/@universalpicturesuk/video/7164319787726687494,
86,7.166405738582885e+18,1668558892,2022-11-16T00:34:52.000Z,0,,https://www.tiktok.com/@universalpicturesuk/video/7164319787726687494,SLAY,https://www.tiktok.com/@universalpicturesuk/video/7164319787726687494,
87,7.167074690078344e+18,1668714632,2022-11-17T19:50:32.000Z,0,,https://www.tiktok.com/@universalpicturesuk/video/7164319787726687494,wow even the robo arm,https://www.tiktok.com/@universalpicturesuk/video/7164319787726687494,
88,7.167105797901698e+18,1668721883,2022-11-17T21:51:23.000Z,0,,https://www.tiktok.com/@universalpicturesuk/video/7164319787726687494,"perhaps even more power than the average man, y‚Äôknow for the battery n all that",https://www.tiktok.com/@universalpicturesuk/video/7164319787726687494,
89,7.166675476961773e+18,1668621684,2022-11-16T18:01:24.000Z,0,,https://www.tiktok.com/@universalpicturesuk/video/7164319787726687494,üòÇüòÇüòÇ,https://www.tiktok.com/@universalpicturesuk/video/7164319787726687494,
90,,1668073193,2022-11-10T09:39:53.000Z,44600,,https://www.tiktok.com/@universalpicturesuk/video/7164319787726687494,"‚ÄúTense, gripping & powerful"". Don't miss #SheSaidMovie in cinemas November 25.",,
91,7.165921252523673e+18,1668446084,2022-11-14T17:14:44.000Z,2,1.0,https://www.tiktok.com/@universalpicturesuk/video/7164319787726687494,@gabriellassssss I want to watch this in the cinema wanna come with me,https://www.tiktok.com/@universalpicturesuk/video/7164319787726687494,
92,7.165925732722607e+18,1668447116,2022-11-14T17:31:56.000Z,1,1.0,https://www.tiktok.com/@universalpicturesuk/video/7164319787726687494,@Callum Delaforce this is it!,https://www.tiktok.com/@universalpicturesuk/video/7164319787726687494,
93,7.165937055142594e+18,1668449759,2022-11-14T18:15:59.000Z,1,1.0,https://www.tiktok.com/@universalpicturesuk/video/7164319787726687494,@Rebecca Coupland505 I really fancy this ? Xxx,https://www.tiktok.com/@universalpicturesuk/video/7164319787726687494,
94,7.166772501043856e+18,1668644274,2022-11-17T00:17:54.000Z,0,0.0,https://www.tiktok.com/@universalpicturesuk/video/7164319787726687494,Sarge,https://www.tiktok.com/@universalpicturesuk/video/7164319787726687494,
95,7.166423171964093e+18,1668562954,2022-11-16T01:42:34.000Z,0,0.0,https://www.tiktok.com/@universalpicturesuk/video/7164319787726687494,when they doing rochdale and rotherham,https://www.tiktok.com/@universalpicturesuk/video/7164319787726687494,
96,7.166297809166697e+18,1668533750,2022-11-15T17:35:50.000Z,0,0.0,https://www.tiktok.com/@universalpicturesuk/video/7164319787726687494,Captain holt?üò≥,https://www.tiktok.com/@universalpicturesuk/video/7164319787726687494,
97,7.168015693228492e+18,1668933744,2022-11-20T08:42:24.000Z,0,0.0,https://www.tiktok.com/@universalpicturesuk/video/7164319787726687494,It should star Harvey for authenticity,https://www.tiktok.com/@universalpicturesuk/video/7164319787726687494,
98,7.166326497585595e+18,1668540431,2022-11-15T19:27:11.000Z,0,0.0,https://www.tiktok.com/@universalpicturesuk/video/7164319787726687494,@jean_jeanie_essex plz xxxxx,https://www.tiktok.com/@universalpicturesuk/video/7164319787726687494,
99,7.166301521142318e+18,1668534611,2022-11-15T17:50:11.000Z,0,0.0,https://www.tiktok.com/@universalpicturesuk/video/7164319787726687494,Raymond I thought you didn‚Äôt like actors,https://www.tiktok.com/@universalpicturesuk/video/7164319787726687494,
100,7.168521736354498e+18,1669051553,2022-11-21T17:25:53.000Z,0,0.0,https://www.tiktok.com/@universalpicturesuk/video/7164319787726687494,escape the matrix,https://www.tiktok.com/@universalpicturesuk/video/7164319787726687494,
101,7.166423837466363e+18,1668563114,2022-11-16T01:45:14.000Z,0,0.0,https://www.tiktok.com/@universalpicturesuk/video/7164319787726687494,They already betraying this man,https://www.tiktok.com/@universalpicturesuk/video/7164319787726687494,
102,7.166648171844961e+18,1668615323,2022-11-16T16:15:23.000Z,0,0.0,https://www.tiktok.com/@universalpicturesuk/video/7164319787726687494,"Tense, gripping and powerful - are those describing the movie or Harvey?",https://www.tiktok.com/@universalpicturesuk/video/7164319787726687494,
103,7.167126968289641e+18,1668726808,2022-11-17T23:13:28.000Z,0,0.0,https://www.tiktok.com/@universalpicturesuk/video/7164319787726687494,"Alpha and captain holt , can‚Äôt be bad",https://www.tiktok.com/@universalpicturesuk/video/7164319787726687494,
104,7.165953404882814e+18,1668453563,2022-11-14T19:19:23.000Z,0,0.0,https://www.tiktok.com/@universalpicturesuk/video/7164319787726687494,New sigma?,https://www.tiktok.com/@universalpicturesuk/video/7164319787726687494,
105,7.167771540980909e+18,1668876885,2022-11-19T16:54:45.000Z,0,0.0,https://www.tiktok.com/@universalpicturesuk/video/7164319787726687494,üò≥üò≥üò≥,https://www.tiktok.com/@universalpicturesuk/video/7164319787726687494,
106,7.166373596801385e+18,1668551407,2022-11-15T22:30:07.000Z,0,0.0,https://www.tiktok.com/@universalpicturesuk/video/7164319787726687494,CAPTAIN HOLT BBY,https://www.tiktok.com/@universalpicturesuk/video/7164319787726687494,
107,7.171549332200801e+18,1669756460,2022-11-29T21:14:20.000Z,0,0.0,https://www.tiktok.com/@universalpicturesuk/video/7164319787726687494,it was SOO GOOODDDDD,https://www.tiktok.com/@universalpicturesuk/video/7164319787726687494,
108,7.167127162197476e+18,1668726865,2022-11-17T23:14:25.000Z,0,0.0,https://www.tiktok.com/@universalpicturesuk/video/7164319787726687494,that‚Äôs what,https://www.tiktok.com/@universalpicturesuk/video/7164319787726687494,
109,7.167771034518193e+18,1668876764,2022-11-19T16:52:44.000Z,0,0.0,https://www.tiktok.com/@universalpicturesuk/video/7164319787726687494,"Hollywood isn‚Äôt a luxurious and grand as it‚Äôs made out to be, it‚Äôs a very dark place with a lot of secrets‚Ä¶",https://www.tiktok.com/@universalpicturesuk/video/7164319787726687494,
110,7.166661915430782e+18,1668618530,2022-11-16T17:08:50.000Z,0,0.0,https://www.tiktok.com/@universalpicturesuk/video/7164319787726687494,Hey Raymond,https://www.tiktok.com/@universalpicturesuk/video/7164319787726687494,
111,7.165921502633575e+18,1668446134,2022-11-14T17:15:34.000Z,0,,https://www.tiktok.com/@universalpicturesuk/video/7164319787726687494,Yeahhh,https://www.tiktok.com/@universalpicturesuk/video/7164319787726687494,
112,7.165947648356042e+18,1668452222,2022-11-14T18:57:02.000Z,0,,https://www.tiktok.com/@universalpicturesuk/video/7164319787726687494,Let‚Äôs go!!,https://www.tiktok.com/@universalpicturesuk/video/7164319787726687494,
113,7.165950204658828e+18,1668452820,2022-11-14T19:07:00.000Z,1,,https://www.tiktok.com/@universalpicturesuk/video/7164319787726687494,Oooh yes let‚Äôs have a movie night and go,https://www.tiktok.com/@universalpicturesuk/video/7164319787726687494,
114,7.166736274894865e+18,1668635837,2022-11-16T21:57:17.000Z,0,0.0,https://www.tiktok.com/@universalpicturesuk/video/7164319787726687494,Captain holt!,https://www.tiktok.com/@universalpicturesuk/video/7164319787726687494,
115,7.167273577216099e+18,1668760953,2022-11-18T08:42:33.000Z,0,0.0,https://www.tiktok.com/@universalpicturesuk/video/7164319787726687494,"I knew there would be a movie. And not that Cptn HOLT is in it, I‚Äôm taking the day off to watch it.",https://www.tiktok.com/@universalpicturesuk/video/7164319787726687494,
116,7.166020710980322e+18,1668469254,2022-11-14T23:40:54.000Z,0,0.0,https://www.tiktok.com/@universalpicturesuk/video/7164319787726687494,@beccapollitt want to watch,https://www.tiktok.com/@universalpicturesuk/video/7164319787726687494,
117,7.18443410193105e+18,1672756437,2023-01-03T14:33:57.000Z,0,0.0,https://www.tiktok.com/@universalpicturesuk/video/7164319787726687494,my biggest flex is that i know the original targets.,https://www.tiktok.com/@universalpicturesuk/video/7164319787726687494,
118,7.167482924592514e+18,1668809678,2022-11-18T22:14:38.000Z,0,0.0,https://www.tiktok.com/@universalpicturesuk/video/7164319787726687494,Why not ‚Äúme too‚Äù ??,https://www.tiktok.com/@universalpicturesuk/video/7164319787726687494,
119,7.166370021391238e+18,1668550567,2022-11-15T22:16:07.000Z,0,0.0,https://www.tiktok.com/@universalpicturesuk/video/7164319787726687494,Should have got Jeff fo play Harvey,https://www.tiktok.com/@universalpicturesuk/video/7164319787726687494,
120,7.166348968733214e+18,1668545666,2022-11-15T20:54:26.000Z,0,0.0,https://www.tiktok.com/@universalpicturesuk/video/7164319787726687494,@sophie x we should go watch,https://www.tiktok.com/@universalpicturesuk/video/7164319787726687494,
121,7.166946866931205e+18,1668684881,2022-11-17T11:34:41.000Z,0,0.0,https://www.tiktok.com/@universalpicturesuk/video/7164319787726687494,is new york times a good source for accurate information,https://www.tiktok.com/@universalpicturesuk/video/7164319787726687494,
122,7.167797687671424e+18,1668882964,2022-11-19T18:36:04.000Z,0,0.0,https://www.tiktok.com/@universalpicturesuk/video/7164319787726687494,IS THAT RAYMOND HOLT,https://www.tiktok.com/@universalpicturesuk/video/7164319787726687494,
123,7.166675692267079e+18,1668621726,2022-11-16T18:02:06.000Z,0,0.0,https://www.tiktok.com/@universalpicturesuk/video/7164319787726687494,Captain Holt??????,https://www.tiktok.com/@universalpicturesuk/video/7164319787726687494,
124,7.167288402587567e+18,1668764401,2022-11-18T09:40:01.000Z,0,0.0,https://www.tiktok.com/@universalpicturesuk/video/7164319787726687494,Unbelievable üò≥,https://www.tiktok.com/@universalpicturesuk/video/7164319787726687494,
125,7.165938838471181e+18,1668450162,2022-11-14T18:22:42.000Z,0,2.0,https://www.tiktok.com/@universalpicturesuk/video/7164319787726687494,@EVIE @mia<3 thoughts?,https://www.tiktok.com/@universalpicturesuk/video/7164319787726687494,
126,7.167499321587631e+18,1668813516,2022-11-18T23:18:36.000Z,0,0.0,https://www.tiktok.com/@universalpicturesuk/video/7164319787726687494,CAPTAIN HOLT,https://www.tiktok.com/@universalpicturesuk/video/7164319787726687494,
127,7.167879073150436e+18,1668901936,2022-11-19T23:52:16.000Z,0,0.0,https://www.tiktok.com/@universalpicturesuk/video/7164319787726687494,Yoo it‚Äôs captain halt,https://www.tiktok.com/@universalpicturesuk/video/7164319787726687494,
128,7.165935507720914e+18,1668449397,2022-11-14T18:09:57.000Z,0,1.0,https://www.tiktok.com/@universalpicturesuk/video/7164319787726687494,@z I want to watch this,https://www.tiktok.com/@universalpicturesuk/video/7164319787726687494,
129,7.166760556413519e+18,1668641511,2022-11-16T23:31:51.000Z,0,0.0,https://www.tiktok.com/@universalpicturesuk/video/7164319787726687494,hollywood makes a movie about events they all knew about in hollywood,https://www.tiktok.com/@universalpicturesuk/video/7164319787726687494,
130,7.166283205921179e+18,1668530347,2022-11-15T16:39:07.000Z,0,0.0,https://www.tiktok.com/@universalpicturesuk/video/7164319787726687494,@Naomi Chaffe one to watch,https://www.tiktok.com/@universalpicturesuk/video/7164319787726687494,
131,7.167869015774742e+18,1668899585,2022-11-19T23:13:05.000Z,0,0.0,https://www.tiktok.com/@universalpicturesuk/video/7164319787726687494,captain holt. wyd?,https://www.tiktok.com/@universalpicturesuk/video/7164319787726687494,
132,7.166758247164462e+18,1668640970,2022-11-16T23:22:50.000Z,0,0.0,https://www.tiktok.com/@universalpicturesuk/video/7164319787726687494,Except literally no cinema in London is selling tickets for it a week out üôÑ,https://www.tiktok.com/@universalpicturesuk/video/7164319787726687494,
133,7.167999852340725e+18,1668930073,2022-11-20T07:41:13.000Z,0,0.0,https://www.tiktok.com/@universalpicturesuk/video/7164319787726687494,Captain Raymond Holt has changed his career,https://www.tiktok.com/@universalpicturesuk/video/7164319787726687494,
134,7.167056767205557e+18,1668710468,2022-11-17T18:41:08.000Z,0,0.0,https://www.tiktok.com/@universalpicturesuk/video/7164319787726687494,sally sparrow üòå,https://www.tiktok.com/@universalpicturesuk/video/7164319787726687494,
135,7.167716050854544e+18,1668863968,2022-11-19T13:19:28.000Z,0,0.0,https://www.tiktok.com/@universalpicturesuk/video/7164319787726687494,Friendly fire,https://www.tiktok.com/@universalpicturesuk/video/7164319787726687494,
136,7.166372817507468e+18,1668551220,2022-11-15T22:27:00.000Z,0,0.0,https://www.tiktok.com/@universalpicturesuk/video/7164319787726687494,VINDICATION!!!!,https://www.tiktok.com/@universalpicturesuk/video/7164319787726687494,
137,7.166685080755357e+18,1668623916,2022-11-16T18:38:36.000Z,0,0.0,https://www.tiktok.com/@universalpicturesuk/video/7164319787726687494,@Ly ü§ç holt,https://www.tiktok.com/@universalpicturesuk/video/7164319787726687494,
138,7.166376992602359e+18,1668552204,2022-11-15T22:43:24.000Z,0,,https://www.tiktok.com/@universalpicturesuk/video/7164319787726687494,Skip the sesh watch this,https://www.tiktok.com/@universalpicturesuk/video/7164319787726687494,
139,7.166376993263502e+18,1668552185,2022-11-15T22:43:05.000Z,0,,https://www.tiktok.com/@universalpicturesuk/video/7164319787726687494,Yes,https://www.tiktok.com/@universalpicturesuk/video/7164319787726687494,
140,7.165941669161469e+18,1668450828,2022-11-14T18:33:48.000Z,0,,https://www.tiktok.com/@universalpicturesuk/video/7164319787726687494,ong,https://www.tiktok.com/@universalpicturesuk/video/7164319787726687494,
141,7.16628707240249e+18,1668531249,2022-11-15T16:54:09.000Z,0,0.0,https://www.tiktok.com/@universalpicturesuk/video/7164319787726687494,Cap‚Äôn Holt ?!,https://www.tiktok.com/@universalpicturesuk/video/7164319787726687494,
142,7.166512048774743e+18,1668583656,2022-11-16T07:27:36.000Z,2,1.0,https://www.tiktok.com/@universalpicturesuk/video/7164319787726687494,@itsjustiqra12,https://www.tiktok.com/@universalpicturesuk/video/7164319787726687494,
143,7.166184440803558e+18,1668507369,2022-11-15T10:16:09.000Z,2,1.0,https://www.tiktok.com/@universalpicturesuk/video/7164319787726687494,@ElenLewis @lisapennyyy,https://www.tiktok.com/@universalpicturesuk/video/7164319787726687494,
144,7.166745592285119e+18,1668638007,2022-11-16T22:33:27.000Z,1,0.0,https://www.tiktok.com/@universalpicturesuk/video/7164319787726687494,@romillydavies,https://www.tiktok.com/@universalpicturesuk/video/7164319787726687494,
145,7.166328103827424e+18,1668540800,2022-11-15T19:33:20.000Z,1,1.0,https://www.tiktok.com/@universalpicturesuk/video/7164319787726687494,@soph,https://www.tiktok.com/@universalpicturesuk/video/7164319787726687494,
146,7.166185964191499e+18,1668507719,2022-11-15T10:21:59.000Z,1,1.0,https://www.tiktok.com/@universalpicturesuk/video/7164319787726687494,@Leah Morgan,https://www.tiktok.com/@universalpicturesuk/video/7164319787726687494,
147,7.167266409008317e+18,1668759292,2022-11-18T08:14:52.000Z,1,0.0,https://www.tiktok.com/@universalpicturesuk/video/7164319787726687494,@Harry L,https://www.tiktok.com/@universalpicturesuk/video/7164319787726687494,
148,7.166286825118909e+18,1668531189,2022-11-15T16:53:09.000Z,1,1.0,https://www.tiktok.com/@universalpicturesuk/video/7164319787726687494,@Avaüßöüèº‚Äç‚ôÄÔ∏è,https://www.tiktok.com/@universalpicturesuk/video/7164319787726687494,
149,7.166009271065314e+18,1668466564,2022-11-14T22:56:04.000Z,1,1.0,https://www.tiktok.com/@universalpicturesuk/video/7164319787726687494,@eviemartin16181,https://www.tiktok.com/@universalpicturesuk/video/7164319787726687494,
150,7.165962746864289e+18,1668455734,2022-11-14T19:55:34.000Z,1,0.0,https://www.tiktok.com/@universalpicturesuk/video/7164319787726687494,@Katie,https://www.tiktok.com/@universalpicturesuk/video/7164319787726687494,
151,7.166755743361091e+18,1668640375,2022-11-16T23:12:55.000Z,0,0.0,https://www.tiktok.com/@universalpicturesuk/video/7164319787726687494,@Harry Barton,https://www.tiktok.com/@universalpicturesuk/video/7164319787726687494,
152,7.165983960643454e+18,1668460675,2022-11-14T21:17:55.000Z,0,0.0,https://www.tiktok.com/@universalpicturesuk/video/7164319787726687494,@KKinsey,https://www.tiktok.com/@universalpicturesuk/video/7164319787726687494,
153,7.167294752500205e+18,1668765889,2022-11-18T10:04:49.000Z,0,0.0,https://www.tiktok.com/@universalpicturesuk/video/7164319787726687494,@elizarharding,https://www.tiktok.com/@universalpicturesuk/video/7164319787726687494,
154,7.166381105195648e+18,1668553147,2022-11-15T22:59:07.000Z,0,0.0,https://www.tiktok.com/@universalpicturesuk/video/7164319787726687494,@elli5,https://www.tiktok.com/@universalpicturesuk/video/7164319787726687494,
155,7.166308627598132e+18,1668536273,2022-11-15T18:17:53.000Z,0,0.0,https://www.tiktok.com/@universalpicturesuk/video/7164319787726687494,@rt x,https://www.tiktok.com/@universalpicturesuk/video/7164319787726687494,
156,7.1663770310299e+18,1668552199,2022-11-15T22:43:19.000Z,2,1.0,https://www.tiktok.com/@universalpicturesuk/video/7164319787726687494,@kane @chantelle1701,https://www.tiktok.com/@universalpicturesuk/video/7164319787726687494,
157,7.166713379820946e+18,1668630507,2022-11-16T20:28:27.000Z,1,0.0,https://www.tiktok.com/@universalpicturesuk/video/7164319787726687494,@emmacunn21,https://www.tiktok.com/@universalpicturesuk/video/7164319787726687494,
158,7.169098758889932e+18,1669185933,2022-11-23T06:45:33.000Z,0,0.0,https://www.tiktok.com/@universalpicturesuk/video/7164319787726687494,@kurutagirl,https://www.tiktok.com/@universalpicturesuk/video/7164319787726687494,
159,7.165905779513247e+18,1668442472,2022-11-14T16:14:32.000Z,63,0.0,https://www.tiktok.com/@universalpicturesuk/video/7164319787726687494,So Hollywood making a film about what‚Äôs wrong with Hollywood? Can‚Äôt see how this could go wrong,https://www.tiktok.com/@universalpicturesuk/video/7164319787726687494,
160,7.166695006068344e+18,1668626228,2022-11-16T19:17:08.000Z,1,,https://www.tiktok.com/@universalpicturesuk/video/7164319787726687494,This looks good,https://www.tiktok.com/@universalpicturesuk/video/7164319787726687494,
161,7.166330528382076e+18,1668541361,2022-11-15T19:42:41.000Z,1,,https://www.tiktok.com/@universalpicturesuk/video/7164319787726687494,lets go,https://www.tiktok.com/@universalpicturesuk/video/7164319787726687494,
162,7.16633512523958e+18,1668542437,2022-11-15T20:00:37.000Z,0,,https://www.tiktok.com/@universalpicturesuk/video/7164319787726687494,ohhh is this what you were talking about,https://www.tiktok.com/@universalpicturesuk/video/7164319787726687494,
163,7.166186149315937e+18,1668507778,2022-11-15T10:22:58.000Z,0,,https://www.tiktok.com/@universalpicturesuk/video/7164319787726687494,Let‚Äôs go and watch!,https://www.tiktok.com/@universalpicturesuk/video/7164319787726687494,
164,7.16630192887446e+18,1668534705,2022-11-15T17:51:45.000Z,0,,https://www.tiktok.com/@universalpicturesuk/video/7164319787726687494,Looks great,https://www.tiktok.com/@universalpicturesuk/video/7164319787726687494,
165,7.166012118227174e+18,1668467246,2022-11-14T23:07:26.000Z,0,,https://www.tiktok.com/@universalpicturesuk/video/7164319787726687494,Let‚Äôs watch,https://www.tiktok.com/@universalpicturesuk/video/7164319787726687494,
166,7.166377265797662e+18,1668552260,2022-11-15T22:44:20.000Z,0,,https://www.tiktok.com/@universalpicturesuk/video/7164319787726687494,I‚Äôve seeeeen thiiiisss advertised !!!!!,https://www.tiktok.com/@universalpicturesuk/video/7164319787726687494,
167,7.167021589081916e+18,1668702269,2022-11-17T16:24:29.000Z,1,0.0,https://www.tiktok.com/@universalpicturesuk/video/7164319787726687494,This is so out of touch it‚Äôs unreal,https://www.tiktok.com/@universalpicturesuk/video/7164319787726687494,
168,7.165980683160405e+18,1668459918,2022-11-14T21:05:18.000Z,4,0.0,https://www.tiktok.com/@universalpicturesuk/video/7164319787726687494,Hahahahahha Hollywood pretending LIKE YA DIDNT KNO,https://www.tiktok.com/@universalpicturesuk/video/7164319787726687494,
169,7.165942171685881e+18,1668450949,2022-11-14T18:35:49.000Z,1,0.0,https://www.tiktok.com/@universalpicturesuk/video/7164319787726687494,this is wildly inappropriate,https://www.tiktok.com/@universalpicturesuk/video/7164319787726687494,
170,7.166761183889081e+18,1668641646,2022-11-16T23:34:06.000Z,0,0.0,https://www.tiktok.com/@universalpicturesuk/video/7164319787726687494,what about the one who said yes.. then later had buyers remorse?,https://www.tiktok.com/@universalpicturesuk/video/7164319787726687494,
171,7.166714060775015e+18,1668630669,2022-11-16T20:31:09.000Z,0,0.0,https://www.tiktok.com/@universalpicturesuk/video/7164319787726687494,They took the roles in exchange for favours . Not heroes and certainly not a sisterhood ‚Äúvictim‚Äù enabled and perpetuated his outrageous behaviour,https://www.tiktok.com/@universalpicturesuk/video/7164319787726687494,
172,7.165954204254406e+18,1668453746,2022-11-14T19:22:26.000Z,0,0.0,https://www.tiktok.com/@universalpicturesuk/video/7164319787726687494,The irony,https://www.tiktok.com/@universalpicturesuk/video/7164319787726687494,
173,7.168081249155368e+18,1668948993,2022-11-20T12:56:33.000Z,0,0.0,https://www.tiktok.com/@universalpicturesuk/video/7164319787726687494,They will use the money for new orphanages charity‚Äôs etc and keep it all and send it to Israel . Pretty much wat happens all over world . Not anti sem,https://www.tiktok.com/@universalpicturesuk/video/7164319787726687494,
174,7.167296461776111e+18,1668766297,2022-11-18T10:11:37.000Z,0,0.0,https://www.tiktok.com/@universalpicturesuk/video/7164319787726687494,This doesn‚Äôt seem gripping tbf,https://www.tiktok.com/@universalpicturesuk/video/7164319787726687494,
175,7.166583236196582e+18,1668600213,2022-11-16T12:03:33.000Z,0,0.0,https://www.tiktok.com/@universalpicturesuk/video/7164319787726687494,ah we see bigger Hollywood trying to act like it did something instead of letting him get away with it for years,https://www.tiktok.com/@universalpicturesuk/video/7164319787726687494,
176,7.166404226167391e+18,1668558543,2022-11-16T00:29:03.000Z,0,0.0,https://www.tiktok.com/@universalpicturesuk/video/7164319787726687494,Produced by‚Ä¶.HOLLYWOOD?!?!,https://www.tiktok.com/@universalpicturesuk/video/7164319787726687494,
177,7.166338018474051e+18,1668543111,2022-11-15T20:11:51.000Z,0,0.0,https://www.tiktok.com/@universalpicturesuk/video/7164319787726687494,Like I don‚Äôt care‚Ä¶ they never make these movies well.. and jefrey got off,https://www.tiktok.com/@universalpicturesuk/video/7164319787726687494,
178,7.166989281793099e+18,1668694754,2022-11-17T14:19:14.000Z,0,1.0,https://www.tiktok.com/@universalpicturesuk/video/7164319787726687494,hollywood‚Ä¶ talking about hollywood?,https://www.tiktok.com/@universalpicturesuk/video/7164319787726687494,
179,7.167509839349384e+18,1668815959,2022-11-18T23:59:19.000Z,0,0.0,https://www.tiktok.com/@universalpicturesuk/video/7164319787726687494,"Not interested, everyone start your world of Warcraft subscription 28th November",https://www.tiktok.com/@universalpicturesuk/video/7164319787726687494,
180,7.166287025574151e+18,1668531246,2022-11-15T16:54:06.000Z,0,0.0,https://www.tiktok.com/@universalpicturesuk/video/7164319787726687494,Reverse psychology,https://www.tiktok.com/@universalpicturesuk/video/7164319787726687494,
181,7.166890067863062e+18,1668671655,2022-11-17T07:54:15.000Z,0,0.0,https://www.tiktok.com/@universalpicturesuk/video/7164319787726687494,Holllllltttttt,https://www.tiktok.com/@universalpicturesuk/video/7164319787726687494,
182,7.166232636138046e+18,1668518586,2022-11-15T13:23:06.000Z,0,0.0,https://www.tiktok.com/@universalpicturesuk/video/7164319787726687494,"spoiler, I already know the ending üòÇ",https://www.tiktok.com/@universalpicturesuk/video/7164319787726687494,
183,7.166673573309646e+18,1668621241,2022-11-16T17:54:01.000Z,0,1.0,https://www.tiktok.com/@universalpicturesuk/video/7164319787726687494,AYO CAPTION HOLT@Ollie üéÉüëª @Milliemiss0,https://www.tiktok.com/@universalpicturesuk/video/7164319787726687494,
184,7.166543703342319e+18,1668591024,2022-11-16T09:30:24.000Z,0,0.0,https://www.tiktok.com/@universalpicturesuk/video/7164319787726687494,@assceneinpodcast !,https://www.tiktok.com/@universalpicturesuk/video/7164319787726687494,
185,7.166290353683138e+18,1668532022,2022-11-15T17:07:02.000Z,0,0.0,https://www.tiktok.com/@universalpicturesuk/video/7164319787726687494,ZOEEEEü´∂,https://www.tiktok.com/@universalpicturesuk/video/7164319787726687494,
186,7.166853563778401e+18,1668663164,2022-11-17T05:32:44.000Z,0,0.0,https://www.tiktok.com/@universalpicturesuk/video/7164319787726687494,Women chasing the üíµ,https://www.tiktok.com/@universalpicturesuk/video/7164319787726687494,
187,7.166989528070129e+18,1668694812,2022-11-17T14:20:12.000Z,0,,https://www.tiktok.com/@universalpicturesuk/video/7164319787726687494,i hope its non profit or going somewhere for victims,https://www.tiktok.com/@universalpicturesuk/video/7164319787726687494,
188,7.167407791124235e+18,1668792196,2022-11-18T17:23:16.000Z,0,,https://www.tiktok.com/@universalpicturesuk/video/7164319787726687494,OMG,https://www.tiktok.com/@universalpicturesuk/video/7164319787726687494,
189,7.16690138967376e+18,1668674293,2022-11-17T08:38:13.000Z,0,0.0,https://www.tiktok.com/@universalpicturesuk/video/7164319787726687494,Are we taking the piss now,https://www.tiktok.com/@universalpicturesuk/video/7164319787726687494,
190,7.166697589084653e+18,1668626833,2022-11-16T19:27:13.000Z,1,1.0,https://www.tiktok.com/@universalpicturesuk/video/7164319787726687494,@alannaü´Ä,https://www.tiktok.com/@universalpicturesuk/video/7164319787726687494,
191,7.165887051882792e+18,1668438122,2022-11-14T15:02:02.000Z,7,1.0,https://www.tiktok.com/@universalpicturesuk/video/7164319787726687494,This is gonna be so boring üòÇ,https://www.tiktok.com/@universalpicturesuk/video/7164319787726687494,
192,7.166364612149315e+18,1668549317,2022-11-15T21:55:17.000Z,3,3.0,https://www.tiktok.com/@universalpicturesuk/video/7164319787726687494,Why does Brad Pitt have anything to do with this? He actively sought out Weinstein and remained friends with him after Jolie said Weinstein assaulted,https://www.tiktok.com/@universalpicturesuk/video/7164319787726687494,
193,7.16773145198171e+18,1668867545,2022-11-19T14:19:05.000Z,0,0.0,https://www.tiktok.com/@universalpicturesuk/video/7164319787726687494,Abuse! spread sell for money that‚Äôs ok?,https://www.tiktok.com/@universalpicturesuk/video/7164319787726687494,
194,7.1664137635831e+18,1668560770,2022-11-16T01:06:10.000Z,0,0.0,https://www.tiktok.com/@universalpicturesuk/video/7164319787726687494,Another Jewish sex ring,https://www.tiktok.com/@universalpicturesuk/video/7164319787726687494,
195,7.167945049803965e+18,1668917323,2022-11-20T04:08:43.000Z,0,0.0,https://www.tiktok.com/@universalpicturesuk/video/7164319787726687494,"so a Hollywood company is making a film about Hollywood sexual abuse, nothing wrong with that idea",https://www.tiktok.com/@universalpicturesuk/video/7164319787726687494,
196,7.167069972563494e+18,1668713528,2022-11-17T19:32:08.000Z,0,0.0,https://www.tiktok.com/@universalpicturesuk/video/7164319787726687494,isn‚Äôt brad pitt executive producer for this? a man who has been accused of physical abuse by angelina jolie?,https://www.tiktok.com/@universalpicturesuk/video/7164319787726687494,
197,7.167682331111966e+18,1668856120,2022-11-19T11:08:40.000Z,0,0.0,https://www.tiktok.com/@universalpicturesuk/video/7164319787726687494,Hollyjews have been protecting each other for a very long time. Had to come out eventually though.,https://www.tiktok.com/@universalpicturesuk/video/7164319787726687494,
198,7.166367327385421e+18,1668549937,2022-11-15T22:05:37.000Z,0,0.0,https://www.tiktok.com/@universalpicturesuk/video/7164319787726687494,What a gross idea for a film,https://www.tiktok.com/@universalpicturesuk/video/7164319787726687494,
199,7.167929787738473e+18,1668913772,2022-11-20T03:09:32.000Z,0,0.0,https://www.tiktok.com/@universalpicturesuk/video/7164319787726687494,I don't care,https://www.tiktok.com/@universalpicturesuk/video/7164319787726687494,
200,7.16764828653052e+18,1668848211,2022-11-19T08:56:51.000Z,0,0.0,https://www.tiktok.com/@universalpicturesuk/video/7164319787726687494,meanwhile the NYT: Bankman-fried stole 32 billion dollars and they write a puff piece about him,https://www.tiktok.com/@universalpicturesuk/video/7164319787726687494,
201,7.166317614041679e+18,1668538366,2022-11-15T18:52:46.000Z,0,0.0,https://www.tiktok.com/@universalpicturesuk/video/7164319787726687494,So you decided to make a film about it?? When most of you ignored it for years.. classic Hollywood üò≥,https://www.tiktok.com/@universalpicturesuk/video/7164319787726687494,
202,7.166294462791435e+18,1668532969,2022-11-15T17:22:49.000Z,0,0.0,https://www.tiktok.com/@universalpicturesuk/video/7164319787726687494,They should have Harvey Weinstein directing it to make it more realistic,https://www.tiktok.com/@universalpicturesuk/video/7164319787726687494,
203,7.167095528184874e+18,1668719478,2022-11-17T21:11:18.000Z,0,0.0,https://www.tiktok.com/@universalpicturesuk/video/7164319787726687494,I think somebody took his fluffy boy,https://www.tiktok.com/@universalpicturesuk/video/7164319787726687494,
204,7.166858391636477e+18,1668664293,2022-11-17T05:51:33.000Z,0,0.0,https://www.tiktok.com/@universalpicturesuk/video/7164319787726687494,so Hollywood made a movie about sex abuse in hollywood,https://www.tiktok.com/@universalpicturesuk/video/7164319787726687494,
205,7.166216377454921e+18,1668514802,2022-11-15T12:20:02.000Z,0,0.0,https://www.tiktok.com/@universalpicturesuk/video/7164319787726687494,Wonder how they are gonna handle the numerous girls that went back to him and slept with him multiple times and acted like his best friend in public?,https://www.tiktok.com/@universalpicturesuk/video/7164319787726687494,
206,7.166698705106028e+18,1668627097,2022-11-16T19:31:37.000Z,0,,https://www.tiktok.com/@universalpicturesuk/video/7164319787726687494,OH THISSS,https://www.tiktok.com/@universalpicturesuk/video/7164319787726687494,
207,7.16602313221723e+18,1668469809,2022-11-14T23:50:09.000Z,0,,https://www.tiktok.com/@universalpicturesuk/video/7164319787726687494,"The book it‚Äôs based on was great, not sure how this will turn out",https://www.tiktok.com/@universalpicturesuk/video/7164319787726687494,
208,7.166365225183413e+18,1668549446,2022-11-15T21:57:26.000Z,2,,https://www.tiktok.com/@universalpicturesuk/video/7164319787726687494,Disgusting he now wants to profit off these womens stories. What a let down.,https://www.tiktok.com/@universalpicturesuk/video/7164319787726687494,
209,7.166365028542268e+18,1668549403,2022-11-15T21:56:43.000Z,2,,https://www.tiktok.com/@universalpicturesuk/video/7164319787726687494,But I won‚Äôt be watching. How dissapointing. 2 of his ex‚Äôs abused by this man & he knowingly turned a blind eye,https://www.tiktok.com/@universalpicturesuk/video/7164319787726687494,
210,7.166364959696618e+18,1668549382,2022-11-15T21:56:22.000Z,2,,https://www.tiktok.com/@universalpicturesuk/video/7164319787726687494,Her? Not to mention the fact he‚Äôs in the throws of being accused of allegedly abusing his ex wife & kids? I was really excited for this movie.,https://www.tiktok.com/@universalpicturesuk/video/7164319787726687494,
211,7.166648956448949e+18,1668615510,2022-11-16T16:18:30.000Z,0,0.0,https://www.tiktok.com/@universalpicturesuk/video/7164319787726687494,Captain holt??,https://www.tiktok.com/@universalpicturesuk/video/7164319787726687494,
212,7.166529371045676e+18,1668587712,2022-11-16T08:35:12.000Z,0,0.0,https://www.tiktok.com/@universalpicturesuk/video/7164319787726687494,I hope nobody watches this. Hollywood profiting off the back of womens suffering.,https://www.tiktok.com/@universalpicturesuk/video/7164319787726687494,
213,7.166521303750591e+18,1668585820,2022-11-16T08:03:40.000Z,0,0.0,https://www.tiktok.com/@universalpicturesuk/video/7164319787726687494,Feed the industry that housed him for years üôÑ,https://www.tiktok.com/@universalpicturesuk/video/7164319787726687494,
214,7.16596961247858e+18,1668457334,2022-11-14T20:22:14.000Z,0,0.0,https://www.tiktok.com/@universalpicturesuk/video/7164319787726687494,Suprised the director isn‚Äôt dead yet,https://www.tiktok.com/@universalpicturesuk/video/7164319787726687494,
215,7.166167249215309e+18,1668503367,2022-11-15T09:09:27.000Z,0,0.0,https://www.tiktok.com/@universalpicturesuk/video/7164319787726687494,"Meryl Streep referred to Harvey Weinstein as a God, make your mind up Hollyweird",https://www.tiktok.com/@universalpicturesuk/video/7164319787726687494,
216,7.166228936509883e+18,1668517721,2022-11-15T13:08:41.000Z,0,0.0,https://www.tiktok.com/@universalpicturesuk/video/7164319787726687494,this makes me feel so ü§Æü§Æ How people can make money out of this Any money made out of this film should go 100 Percent Should go to charity,https://www.tiktok.com/@universalpicturesuk/video/7164319787726687494,
217,7.165921723225212e+18,1668446192,2022-11-14T17:16:32.000Z,1,0.0,https://www.tiktok.com/@universalpicturesuk/video/7164319787726687494,HOLT,https://www.tiktok.com/@universalpicturesuk/video/7164319787726687494,
218,7.165923016622704e+18,1668446493,2022-11-14T17:21:33.000Z,1,0.0,https://www.tiktok.com/@universalpicturesuk/video/7164319787726687494,HOLT,https://www.tiktok.com/@universalpicturesuk/video/7164319787726687494,
219,7.16587485129774e+18,1668435272,2022-11-14T14:14:32.000Z,3,0.0,https://www.tiktok.com/@universalpicturesuk/video/7164319787726687494,Holt da üêê,https://www.tiktok.com/@universalpicturesuk/video/7164319787726687494,
220,7.166353075144558e+18,1668546614,2022-11-15T21:10:14.000Z,0,0.0,https://www.tiktok.com/@universalpicturesuk/video/7164319787726687494,HOLT!!!!!,https://www.tiktok.com/@universalpicturesuk/video/7164319787726687494,
221,,1668073193,2022-11-10T09:39:53.000Z,44600,,https://www.tiktok.com/@universalpicturesuk/video/7164319787726687494,"‚ÄúTense, gripping & powerful"". Don't miss #SheSaidMovie in cinemas November 25.",,
222,,1668073193,2022-11-10T09:39:53.000Z,44600,,https://www.tiktok.com/@universalpicturesuk/video/7164319787726687494,"‚ÄúTense, gripping & powerful"". Don't miss #SheSaidMovie in cinemas November 25.",,
223,7.167104606749099e+18,1668721608,2022-11-17T21:46:48.000Z,0,,https://www.tiktok.com/@universalpicturesuk/video/7164319787726687494,don‚Äôt,https://www.tiktok.com/@universalpicturesuk/video/7164319787726687494,
224,7.166284673831208e+18,1668530692,2022-11-15T16:44:52.000Z,0,,https://www.tiktok.com/@universalpicturesuk/video/7164319787726687494,Yesss,https://www.tiktok.com/@universalpicturesuk/video/7164319787726687494,
225,7.166330904292951e+18,1668541454,2022-11-15T19:44:14.000Z,0,,https://www.tiktok.com/@universalpicturesuk/video/7164319787726687494,yess pls,https://www.tiktok.com/@universalpicturesuk/video/7164319787726687494,
226,7.1662916725345e+18,1668532318,2022-11-15T17:11:58.000Z,0,,https://www.tiktok.com/@universalpicturesuk/video/7164319787726687494,Yeah,https://www.tiktok.com/@universalpicturesuk/video/7164319787726687494,
227,,1668073193,2022-11-10T09:39:53.000Z,44600,,https://www.tiktok.com/@universalpicturesuk/video/7164319787726687494,"‚ÄúTense, gripping & powerful"". Don't miss #SheSaidMovie in cinemas November 25.",,
228,,1668073193,2022-11-10T09:39:53.000Z,44600,,https://www.tiktok.com/@universalpicturesuk/video/7164319787726687494,"‚ÄúTense, gripping & powerful"". Don't miss #SheSaidMovie in cinemas November 25.",,
229,,1668073193,2022-11-10T09:39:53.000Z,44600,,https://www.tiktok.com/@universalpicturesuk/video/7164319787726687494,"‚ÄúTense, gripping & powerful"". Don't miss #SheSaidMovie in cinemas November 25.",,
230,,1668073193,2022-11-10T09:39:53.000Z,44600,,https://www.tiktok.com/@universalpicturesuk/video/7164319787726687494,"‚ÄúTense, gripping & powerful"". Don't miss #SheSaidMovie in cinemas November 25.",,
231,,1668073193,2022-11-10T09:39:53.000Z,44600,,https://www.tiktok.com/@universalpicturesuk/video/7164319787726687494,"‚ÄúTense, gripping & powerful"". Don't miss #SheSaidMovie in cinemas November 25.",,
232,,1668073193,2022-11-10T09:39:53.000Z,44600,,https://www.tiktok.com/@universalpicturesuk/video/7164319787726687494,"‚ÄúTense, gripping & powerful"". Don't miss #SheSaidMovie in cinemas November 25.",,
233,,1668073193,2022-11-10T09:39:53.000Z,44600,,https://www.tiktok.com/@universalpicturesuk/video/7164319787726687494,"‚ÄúTense, gripping & powerful"". Don't miss #SheSaidMovie in cinemas November 25.",,
234,,1668073193,2022-11-10T09:39:53.000Z,44600,,https://www.tiktok.com/@universalpicturesuk/video/7164319787726687494,"‚ÄúTense, gripping & powerful"". Don't miss #SheSaidMovie in cinemas November 25.",,
235,,1668073193,2022-11-10T09:39:53.000Z,44600,,https://www.tiktok.com/@universalpicturesuk/video/7164319787726687494,"‚ÄúTense, gripping & powerful"". Don't miss #SheSaidMovie in cinemas November 25.",,
236,,1668073193,2022-11-10T09:39:53.000Z,44600,,https://www.tiktok.com/@universalpicturesuk/video/7164319787726687494,"‚ÄúTense, gripping & powerful"". Don't miss #SheSaidMovie in cinemas November 25.",,
237,,1668073193,2022-11-10T09:39:53.000Z,44600,,https://www.tiktok.com/@universalpicturesuk/video/7164319787726687494,"‚ÄúTense, gripping & powerful"". Don't miss #SheSaidMovie in cinemas November 25.",,
238,7.166207432578156e+18,1668512729,2022-11-15T11:45:29.000Z,0,3.0,https://www.tiktok.com/@universalpicturesuk/video/7164319787726687494,@leighanney I really want to see this!,https://www.tiktok.com/@universalpicturesuk/video/7164319787726687494,
239,7.167029796224386e+18,1668704188,2022-11-17T16:56:28.000Z,0,4.0,https://www.tiktok.com/@universalpicturesuk/video/7164319787726687494,@gabriel.09._ CAPTAIN HOLT!!,https://www.tiktok.com/@universalpicturesuk/video/7164319787726687494,
240,7.167090648149919e+18,1668718340,2022-11-17T20:52:20.000Z,0,1.0,https://www.tiktok.com/@universalpicturesuk/video/7164319787726687494,@Evieü™© holt,https://www.tiktok.com/@universalpicturesuk/video/7164319787726687494,
241,7.166275480323278e+18,1668528548,2022-11-15T16:09:08.000Z,0,,https://www.tiktok.com/@universalpicturesuk/video/7164319787726687494,yess! let's plan that in x,https://www.tiktok.com/@universalpicturesuk/video/7164319787726687494,
242,7.166274812204385e+18,1668528395,2022-11-15T16:06:35.000Z,0,,https://www.tiktok.com/@universalpicturesuk/video/7164319787726687494,We should have a besties date and go see it,https://www.tiktok.com/@universalpicturesuk/video/7164319787726687494,
243,7.166207765727413e+18,1668512808,2022-11-15T11:46:48.000Z,0,,https://www.tiktok.com/@universalpicturesuk/video/7164319787726687494,ooh this looks good!,https://www.tiktok.com/@universalpicturesuk/video/7164319787726687494,
244,7.167098834349327e+18,1668720245,2022-11-17T21:24:05.000Z,0,,https://www.tiktok.com/@universalpicturesuk/video/7164319787726687494,calm it gal,https://www.tiktok.com/@universalpicturesuk/video/7164319787726687494,
245,7.167030847249188e+18,1668704428,2022-11-17T17:00:28.000Z,0,,https://www.tiktok.com/@universalpicturesuk/video/7164319787726687494,I was just saying captain am I not allowed woman,https://www.tiktok.com/@universalpicturesuk/video/7164319787726687494,
246,7.167030721195509e+18,1668704399,2022-11-17T16:59:59.000Z,0,,https://www.tiktok.com/@universalpicturesuk/video/7164319787726687494,ok what that‚Äôs how u spell it,https://www.tiktok.com/@universalpicturesuk/video/7164319787726687494,
247,7.16703055963662e+18,1668704354,2022-11-17T16:59:14.000Z,0,,https://www.tiktok.com/@universalpicturesuk/video/7164319787726687494,captain,https://www.tiktok.com/@universalpicturesuk/video/7164319787726687494,
248,7.167118763215914e+18,1668724899,2022-11-17T22:41:39.000Z,1,,https://www.tiktok.com/@universalpicturesuk/video/7164319787726687494,OMG I WANNA WATCH THIS OMG,https://www.tiktok.com/@universalpicturesuk/video/7164319787726687494,
249,7.165942001556342e+18,1668450908,2022-11-14T18:35:08.000Z,0,0.0,https://www.tiktok.com/@universalpicturesuk/video/7164319787726687494,Bro there realy running out of ideas like seriously who‚Äôs gonnna watch this and enjoy it,https://www.tiktok.com/@universalpicturesuk/video/7164319787726687494,
250,7.167305800422426e+18,1668768452,2022-11-18T10:47:32.000Z,0,0.0,https://www.tiktok.com/@universalpicturesuk/video/7164319787726687494,"Only Hollywood could make a movie about a problem it knew full well existed, denied and covered up üòÇ. The sheer audacity.",https://www.tiktok.com/@universalpicturesuk/video/7164319787726687494,
251,7.165933397047002e+18,1668448911,2022-11-14T18:01:51.000Z,0,0.0,https://www.tiktok.com/@universalpicturesuk/video/7164319787726687494,free Harvey,https://www.tiktok.com/@universalpicturesuk/video/7164319787726687494,
252,7.167349657160467e+18,1668778667,2022-11-18T13:37:47.000Z,0,0.0,https://www.tiktok.com/@universalpicturesuk/video/7164319787726687494,lol I love how der acting like no one knew...and also most choose fame and fortune over self respect...blame harvey all you want but those woman knew,https://www.tiktok.com/@universalpicturesuk/video/7164319787726687494,
253,7.166218904125507e+18,1668515404,2022-11-15T12:30:04.000Z,0,0.0,https://www.tiktok.com/@universalpicturesuk/video/7164319787726687494,Captain holt,https://www.tiktok.com/@universalpicturesuk/video/7164319787726687494,
254,7.166610518152349e+18,1668606564,2022-11-16T13:49:24.000Z,0,0.0,https://www.tiktok.com/@universalpicturesuk/video/7164319787726687494,Fancy a movie night? @ùë±ùë®ùë¥ùë∞ùë¨ - ùë¥ùë∂ùë≥ùë≥ùíÄ ‚òÅÔ∏è ü¶¢,https://www.tiktok.com/@universalpicturesuk/video/7164319787726687494,
255,7.168104681380939e+18,1668954444,2022-11-20T14:27:24.000Z,0,1.0,https://www.tiktok.com/@universalpicturesuk/video/7164319787726687494,@liv would u watch this ?,https://www.tiktok.com/@universalpicturesuk/video/7164319787726687494,
256,7.167687961986532e+18,1668857430,2022-11-19T11:30:30.000Z,0,1.0,https://www.tiktok.com/@universalpicturesuk/video/7164319787726687494,@evaxbowers holt,https://www.tiktok.com/@universalpicturesuk/video/7164319787726687494,
257,7.168143539548554e+18,1668963491,2022-11-20T16:58:11.000Z,1,,https://www.tiktok.com/@universalpicturesuk/video/7164319787726687494,! i would,https://www.tiktok.com/@universalpicturesuk/video/7164319787726687494,
258,7.165942847438702e+18,1668451108,2022-11-14T18:38:28.000Z,0,1.0,https://www.tiktok.com/@universalpicturesuk/video/7164319787726687494,@Alanna Hagan I wanna watch!!,https://www.tiktok.com/@universalpicturesuk/video/7164319787726687494,
259,7.167008014276314e+18,1668699112,2022-11-17T15:31:52.000Z,0,0.0,https://www.tiktok.com/@universalpicturesuk/video/7164319787726687494,Friendly fire,https://www.tiktok.com/@universalpicturesuk/video/7164319787726687494,
260,7.165985126685771e+18,1668460952,2022-11-14T21:22:32.000Z,0,0.0,https://www.tiktok.com/@universalpicturesuk/video/7164319787726687494,holt ?,https://www.tiktok.com/@universalpicturesuk/video/7164319787726687494,
261,7.16772278181141e+18,1668865544,2022-11-19T13:45:44.000Z,0,,https://www.tiktok.com/@universalpicturesuk/video/7164319787726687494,omg,https://www.tiktok.com/@universalpicturesuk/video/7164319787726687494,
262,7.165989688532403e+18,1668462016,2022-11-14T21:40:16.000Z,0,,https://www.tiktok.com/@universalpicturesuk/video/7164319787726687494,Omg yes,https://www.tiktok.com/@universalpicturesuk/video/7164319787726687494,
263,7.166785175903684e+18,1668647232,2022-11-17T01:07:12.000Z,0,0.0,https://www.tiktok.com/@universalpicturesuk/video/7164319787726687494,disgusting to profit off the rampant abuse of many women like this üòí,https://www.tiktok.com/@universalpicturesuk/video/7164319787726687494,
264,7.166167006981785e+18,1668503323,2022-11-15T09:08:43.000Z,0,0.0,https://www.tiktok.com/@universalpicturesuk/video/7164319787726687494,"ü•± The infantilisation of women continues, for every 1 female who didn‚Äôt want to get on the ‚Äòcasting couch‚Äô there‚Äôs a thousand that did",https://www.tiktok.com/@universalpicturesuk/video/7164319787726687494,
265,7.166022402877588e+18,1668469632,2022-11-14T23:47:12.000Z,0,0.0,https://www.tiktok.com/@universalpicturesuk/video/7164319787726687494,Harvey Weinstien abused his postion. But how many women made millions BECAUSE he got them the roles.,https://www.tiktok.com/@universalpicturesuk/video/7164319787726687494,
266,7.167807661890586e+18,1668885289,2022-11-19T19:14:49.000Z,0,0.0,https://www.tiktok.com/@universalpicturesuk/video/7164319787726687494,OMG ITS HOLT üò≥üò≥üò≥üò≥,https://www.tiktok.com/@universalpicturesuk/video/7164319787726687494,
267,7.168524648350189e+18,1669052225,2022-11-21T17:37:05.000Z,0,0.0,https://www.tiktok.com/@universalpicturesuk/video/7164319787726687494,"Feel good pic for jews it seems
Even tho they turned against their brother only when it was a politically useful thing to do",https://www.tiktok.com/@universalpicturesuk/video/7164319787726687494,
268,,1668073193,2022-11-10T09:39:53.000Z,44600,,https://www.tiktok.com/@universalpicturesuk/video/7164319787726687494,"‚ÄúTense, gripping & powerful"". Don't miss #SheSaidMovie in cinemas November 25.",,
269,,1668073193,2022-11-10T09:39:53.000Z,44600,,https://www.tiktok.com/@universalpicturesuk/video/7164319787726687494,"‚ÄúTense, gripping & powerful"". Don't miss #SheSaidMovie in cinemas November 25.",,
